<?xml version="1.0" encoding="UTF-8"?>
<gpx creator="StravaGPX" version="1.1" xmlns="http://www.topografix.com/GPX/1/1" xmlns:xsi="http://www.w3.org/2001/XMLSchema-instance" xsi:schemaLocation="http://www.topografix.com/GPX/1/1 http://www.topografix.com/GPX/1/1/gpx.xsd">
 <metadata>
  <name>SRM - Sky Race del Maglio 2025_Rev1 14_10_25</name>
  <desc>Prima edizione della Sky Race del Maglio</desc>
  <author>
   <name>Alessandro Felli</name>
   <link href="https://www.strava.com/athletes/18805384"/>
  </author>
  <copyright author="OpenStreetMap contributors">
   <year>2020</year>
   <license>https://www.openstreetmap.org/copyright</license>
  </copyright>
  <link href="https://www.strava.com/routes/3395433170219070050"/>
 </metadata>
 <trk>
  <name>SRM - Sky Race del Maglio 2025_Rev1 14_10_25</name>
  <desc>Prima edizione della Sky Race del Maglio</desc>
  <link href="https://www.strava.com/routes/3395433170219070050"/>
  <type>running</type>
  <trkseg>
   <trkpt lat="42.09237" lon="13.364600000000001">
    <ele>729.34</ele>
   </trkpt>
   <trkpt lat="42.09259" lon="13.36434">
    <ele>730.77</ele>
   </trkpt>
   <trkpt lat="42.092800000000004" lon="13.364540000000002">
    <ele>731.21</ele>
   </trkpt>
   <trkpt lat="42.09332500155447" lon="13.365129995165082">
    <ele>732.4300000000001</ele>
   </trkpt>
   <trkpt lat="42.09385" lon="13.365720000000001">
    <ele>733.58</ele>
   </trkpt>
   <trkpt lat="42.09396" lon="13.365900000000002">
    <ele>734.11</ele>
   </trkpt>
   <trkpt lat="42.094080000000005" lon="13.365950000000002">
    <ele>734.02</ele>
   </trkpt>
   <trkpt lat="42.094240000000006" lon="13.36621">
    <ele>733.6100000000001</ele>
   </trkpt>
   <trkpt lat="42.094590000000004" lon="13.366690000000002">
    <ele>734.8500000000001</ele>
   </trkpt>
   <trkpt lat="42.094770000000004" lon="13.366660000000001">
    <ele>735.87</ele>
   </trkpt>
   <trkpt lat="42.09492" lon="13.36668">
    <ele>736.6800000000001</ele>
   </trkpt>
   <trkpt lat="42.095380000000006" lon="13.366940000000001">
    <ele>742.32</ele>
   </trkpt>
   <trkpt lat="42.09591" lon="13.36715">
    <ele>748.9</ele>
   </trkpt>
   <trkpt lat="42.09608" lon="13.36725">
    <ele>754.12</ele>
   </trkpt>
   <trkpt lat="42.09675" lon="13.368">
    <ele>771.8000000000001</ele>
   </trkpt>
   <trkpt lat="42.09704000000001" lon="13.368200000000002">
    <ele>780.88</ele>
   </trkpt>
   <trkpt lat="42.09757000004342" lon="13.368399998279354">
    <ele>790.54</ele>
   </trkpt>
   <trkpt lat="42.0981" lon="13.3686">
    <ele>796.58</ele>
   </trkpt>
   <trkpt lat="42.09855" lon="13.36888">
    <ele>802.36</ele>
   </trkpt>
   <trkpt lat="42.09879" lon="13.369050000000001">
    <ele>803.5600000000001</ele>
   </trkpt>
   <trkpt lat="42.09918000096009" lon="13.369509997219902">
    <ele>808.97</ele>
   </trkpt>
   <trkpt lat="42.09957" lon="13.36997">
    <ele>814.25</ele>
   </trkpt>
   <trkpt lat="42.10009" lon="13.37049">
    <ele>821.32</ele>
   </trkpt>
   <trkpt lat="42.100210000000004" lon="13.370550000000001">
    <ele>821.32</ele>
   </trkpt>
   <trkpt lat="42.100390000000004" lon="13.37044">
    <ele>823.4800000000001</ele>
   </trkpt>
   <trkpt lat="42.100550000000005" lon="13.37044">
    <ele>826.03</ele>
   </trkpt>
   <trkpt lat="42.10079" lon="13.37067">
    <ele>832.8100000000001</ele>
   </trkpt>
   <trkpt lat="42.100880000000004" lon="13.370700000000001">
    <ele>832.8100000000001</ele>
   </trkpt>
   <trkpt lat="42.10119" lon="13.37049">
    <ele>838.1500000000001</ele>
   </trkpt>
   <trkpt lat="42.101330000000004" lon="13.37049">
    <ele>843.07</ele>
   </trkpt>
   <trkpt lat="42.10143" lon="13.37053">
    <ele>844.95</ele>
   </trkpt>
   <trkpt lat="42.101580000000006" lon="13.370500000000002">
    <ele>848.6600000000001</ele>
   </trkpt>
   <trkpt lat="42.10207000080208" lon="13.370909996892061">
    <ele>861.82</ele>
   </trkpt>
   <trkpt lat="42.102560000000004" lon="13.37132">
    <ele>870.6</ele>
   </trkpt>
   <trkpt lat="42.102810000000005" lon="13.371770000000001">
    <ele>874.89</ele>
   </trkpt>
   <trkpt lat="42.103080000000006" lon="13.37199">
    <ele>880.46</ele>
   </trkpt>
   <trkpt lat="42.10327" lon="13.372250000000001">
    <ele>882.99</ele>
   </trkpt>
   <trkpt lat="42.10331" lon="13.372480000000001">
    <ele>883.2800000000001</ele>
   </trkpt>
   <trkpt lat="42.103640000000006" lon="13.37297">
    <ele>880.14</ele>
   </trkpt>
   <trkpt lat="42.10399" lon="13.373400000000002">
    <ele>880.63</ele>
   </trkpt>
   <trkpt lat="42.1043" lon="13.373850000000001">
    <ele>879.0400000000001</ele>
   </trkpt>
   <trkpt lat="42.104510000000005" lon="13.374260000000001">
    <ele>881.47</ele>
   </trkpt>
   <trkpt lat="42.104690000000005" lon="13.374310000000001">
    <ele>883.9100000000001</ele>
   </trkpt>
   <trkpt lat="42.104850000000006" lon="13.374760000000002">
    <ele>887.69</ele>
   </trkpt>
   <trkpt lat="42.10495" lon="13.37485">
    <ele>887.69</ele>
   </trkpt>
   <trkpt lat="42.10502" lon="13.375140000000002">
    <ele>889.6400000000001</ele>
   </trkpt>
   <trkpt lat="42.10517" lon="13.375280000000002">
    <ele>890.95</ele>
   </trkpt>
   <trkpt lat="42.105650000000004" lon="13.375910000000001">
    <ele>893.4000000000001</ele>
   </trkpt>
   <trkpt lat="42.10593" lon="13.37634">
    <ele>897.6700000000001</ele>
   </trkpt>
   <trkpt lat="42.10584" lon="13.37648">
    <ele>900.14</ele>
   </trkpt>
   <trkpt lat="42.106010000000005" lon="13.37658">
    <ele>901.36</ele>
   </trkpt>
   <trkpt lat="42.10611" lon="13.37667">
    <ele>904.5500000000001</ele>
   </trkpt>
   <trkpt lat="42.10647" lon="13.376690000000002">
    <ele>908.5000000000001</ele>
   </trkpt>
   <trkpt lat="42.107060000000004" lon="13.37719">
    <ele>912.5300000000001</ele>
   </trkpt>
   <trkpt lat="42.107380000000006" lon="13.37701">
    <ele>912.88</ele>
   </trkpt>
   <trkpt lat="42.10761" lon="13.37715">
    <ele>913.87</ele>
   </trkpt>
   <trkpt lat="42.107690000000005" lon="13.37737">
    <ele>912.84</ele>
   </trkpt>
   <trkpt lat="42.107960000000006" lon="13.377550000000001">
    <ele>909.9200000000001</ele>
   </trkpt>
   <trkpt lat="42.10833" lon="13.37766">
    <ele>906.7700000000001</ele>
   </trkpt>
   <trkpt lat="42.10869" lon="13.378000000000002">
    <ele>904.5300000000001</ele>
   </trkpt>
   <trkpt lat="42.10897000000001" lon="13.37846">
    <ele>901.7</ele>
   </trkpt>
   <trkpt lat="42.109190000000005" lon="13.379050000000001">
    <ele>900.6700000000001</ele>
   </trkpt>
   <trkpt lat="42.10936" lon="13.379150000000001">
    <ele>900.29</ele>
   </trkpt>
   <trkpt lat="42.10983" lon="13.379290000000001">
    <ele>898.11</ele>
   </trkpt>
   <trkpt lat="42.11000000000001" lon="13.3793">
    <ele>897.6600000000001</ele>
   </trkpt>
   <trkpt lat="42.11014" lon="13.37945">
    <ele>897.2200000000001</ele>
   </trkpt>
   <trkpt lat="42.11034" lon="13.37954">
    <ele>896.41</ele>
   </trkpt>
   <trkpt lat="42.11048" lon="13.379700000000001">
    <ele>896.7600000000001</ele>
   </trkpt>
   <trkpt lat="42.110530000000004" lon="13.379800000000001">
    <ele>897.2700000000001</ele>
   </trkpt>
   <trkpt lat="42.11056000000001" lon="13.380020000000002">
    <ele>898.26</ele>
   </trkpt>
   <trkpt lat="42.11079" lon="13.379890000000001">
    <ele>899.11</ele>
   </trkpt>
   <trkpt lat="42.111140000000006" lon="13.379460000000002">
    <ele>903.6</ele>
   </trkpt>
   <trkpt lat="42.11144" lon="13.379190000000001">
    <ele>909.8600000000001</ele>
   </trkpt>
   <trkpt lat="42.11153" lon="13.37883">
    <ele>912.14</ele>
   </trkpt>
   <trkpt lat="42.11177" lon="13.378430000000002">
    <ele>914.1300000000001</ele>
   </trkpt>
   <trkpt lat="42.11197000000001" lon="13.378350000000001">
    <ele>917.1300000000001</ele>
   </trkpt>
   <trkpt lat="42.112080000000006" lon="13.378380000000002">
    <ele>919.32</ele>
   </trkpt>
   <trkpt lat="42.11213" lon="13.378440000000001">
    <ele>920.0200000000001</ele>
   </trkpt>
   <trkpt lat="42.11233" lon="13.378480000000001">
    <ele>921.78</ele>
   </trkpt>
   <trkpt lat="42.11245" lon="13.37836">
    <ele>923.1</ele>
   </trkpt>
   <trkpt lat="42.11272" lon="13.37813">
    <ele>926.24</ele>
   </trkpt>
   <trkpt lat="42.11300000000001" lon="13.37776">
    <ele>930.9000000000001</ele>
   </trkpt>
   <trkpt lat="42.113400000000006" lon="13.377630000000002">
    <ele>936.7</ele>
   </trkpt>
   <trkpt lat="42.11375" lon="13.377450000000001">
    <ele>940.9900000000001</ele>
   </trkpt>
   <trkpt lat="42.11431000086794" lon="13.377005003925355">
    <ele>947.1</ele>
   </trkpt>
   <trkpt lat="42.11487" lon="13.376560000000001">
    <ele>953.1700000000001</ele>
   </trkpt>
   <trkpt lat="42.11506000000001" lon="13.376450000000002">
    <ele>955.3900000000001</ele>
   </trkpt>
   <trkpt lat="42.11572" lon="13.37578">
    <ele>962.97</ele>
   </trkpt>
   <trkpt lat="42.11598" lon="13.37545">
    <ele>966.0600000000001</ele>
   </trkpt>
   <trkpt lat="42.11601" lon="13.375160000000001">
    <ele>967.37</ele>
   </trkpt>
   <trkpt lat="42.115950000000005" lon="13.374820000000001">
    <ele>968.2700000000001</ele>
   </trkpt>
   <trkpt lat="42.11563" lon="13.37428">
    <ele>972.2600000000001</ele>
   </trkpt>
   <trkpt lat="42.115500000000004" lon="13.373980000000001">
    <ele>975.32</ele>
   </trkpt>
   <trkpt lat="42.11542" lon="13.373540000000002">
    <ele>979.0300000000001</ele>
   </trkpt>
   <trkpt lat="42.115370000000006" lon="13.373470000000001">
    <ele>979.2900000000001</ele>
   </trkpt>
   <trkpt lat="42.115320000000004" lon="13.3731">
    <ele>980.6</ele>
   </trkpt>
   <trkpt lat="42.11534" lon="13.372480000000001">
    <ele>982.71</ele>
   </trkpt>
   <trkpt lat="42.115570000000005" lon="13.37235">
    <ele>983.9300000000001</ele>
   </trkpt>
   <trkpt lat="42.11592" lon="13.372340000000001">
    <ele>984.96</ele>
   </trkpt>
   <trkpt lat="42.11623" lon="13.37236">
    <ele>987.5100000000001</ele>
   </trkpt>
   <trkpt lat="42.116620000000005" lon="13.372510000000002">
    <ele>991.25</ele>
   </trkpt>
   <trkpt lat="42.11663" lon="13.372510000000002">
    <ele>990.83</ele>
   </trkpt>
   <trkpt lat="42.117160000000005" lon="13.37273">
    <ele>997.69</ele>
   </trkpt>
   <trkpt lat="42.1174" lon="13.372890000000002">
    <ele>999.71</ele>
   </trkpt>
   <trkpt lat="42.117630000000005" lon="13.372980000000002">
    <ele>1000.9499999999999</ele>
   </trkpt>
   <trkpt lat="42.11782" lon="13.373080000000002">
    <ele>1002.98</ele>
   </trkpt>
   <trkpt lat="42.118190000000006" lon="13.373400000000002">
    <ele>1006.5300000000001</ele>
   </trkpt>
   <trkpt lat="42.118320000000004" lon="13.373790000000001">
    <ele>1011.2400000000001</ele>
   </trkpt>
   <trkpt lat="42.11853000000001" lon="13.37381">
    <ele>1014.5600000000001</ele>
   </trkpt>
   <trkpt lat="42.118680000000005" lon="13.373740000000002">
    <ele>1017.7700000000001</ele>
   </trkpt>
   <trkpt lat="42.11878" lon="13.373850000000001">
    <ele>1019.8500000000001</ele>
   </trkpt>
   <trkpt lat="42.118840000000006" lon="13.374030000000001">
    <ele>1022.3600000000001</ele>
   </trkpt>
   <trkpt lat="42.118990000000004" lon="13.374150000000002">
    <ele>1025.2800000000002</ele>
   </trkpt>
   <trkpt lat="42.11932" lon="13.37396">
    <ele>1030.0200000000002</ele>
   </trkpt>
   <trkpt lat="42.11937" lon="13.3739">
    <ele>1030.6399999999999</ele>
   </trkpt>
   <trkpt lat="42.11943" lon="13.373750000000001">
    <ele>1030.6399999999999</ele>
   </trkpt>
   <trkpt lat="42.119490000000006" lon="13.373520000000001">
    <ele>1032.0800000000002</ele>
   </trkpt>
   <trkpt lat="42.11954" lon="13.373140000000001">
    <ele>1035.0000000000002</ele>
   </trkpt>
   <trkpt lat="42.119600000000005" lon="13.372910000000001">
    <ele>1036.06</ele>
   </trkpt>
   <trkpt lat="42.11972" lon="13.372630000000001">
    <ele>1038.01</ele>
   </trkpt>
   <trkpt lat="42.12015" lon="13.371920000000001">
    <ele>1045.1200000000001</ele>
   </trkpt>
   <trkpt lat="42.1203" lon="13.371730000000001">
    <ele>1046.7900000000002</ele>
   </trkpt>
   <trkpt lat="42.12039" lon="13.371580000000002">
    <ele>1050.43</ele>
   </trkpt>
   <trkpt lat="42.120760000000004" lon="13.37124">
    <ele>1056.24</ele>
   </trkpt>
   <trkpt lat="42.12078" lon="13.371070000000001">
    <ele>1057.1200000000001</ele>
   </trkpt>
   <trkpt lat="42.12102" lon="13.37044">
    <ele>1061.26</ele>
   </trkpt>
   <trkpt lat="42.121140000000004" lon="13.37006">
    <ele>1064.8300000000002</ele>
   </trkpt>
   <trkpt lat="42.12136" lon="13.369700000000002">
    <ele>1070.2</ele>
   </trkpt>
   <trkpt lat="42.12156" lon="13.369480000000001">
    <ele>1071.7</ele>
   </trkpt>
   <trkpt lat="42.121900000000004" lon="13.36903">
    <ele>1077.0300000000002</ele>
   </trkpt>
   <trkpt lat="42.12198" lon="13.36888">
    <ele>1077.68</ele>
   </trkpt>
   <trkpt lat="42.122170000000004" lon="13.36869">
    <ele>1079.49</ele>
   </trkpt>
   <trkpt lat="42.12248" lon="13.368530000000002">
    <ele>1082.8600000000001</ele>
   </trkpt>
   <trkpt lat="42.12272" lon="13.36837">
    <ele>1086.51</ele>
   </trkpt>
   <trkpt lat="42.123380000000004" lon="13.36776">
    <ele>1095.7700000000002</ele>
   </trkpt>
   <trkpt lat="42.123520000000006" lon="13.36761">
    <ele>1098.48</ele>
   </trkpt>
   <trkpt lat="42.12362" lon="13.36747">
    <ele>1099.8600000000001</ele>
   </trkpt>
   <trkpt lat="42.12391" lon="13.36678">
    <ele>1104.6100000000001</ele>
   </trkpt>
   <trkpt lat="42.124010000000006" lon="13.36645">
    <ele>1108.13</ele>
   </trkpt>
   <trkpt lat="42.12407" lon="13.366380000000001">
    <ele>1109.25</ele>
   </trkpt>
   <trkpt lat="42.12445" lon="13.36616">
    <ele>1113.8600000000001</ele>
   </trkpt>
   <trkpt lat="42.1248" lon="13.36583">
    <ele>1117.2900000000002</ele>
   </trkpt>
   <trkpt lat="42.12491000000001" lon="13.36565">
    <ele>1118.36</ele>
   </trkpt>
   <trkpt lat="42.124950000000005" lon="13.36555">
    <ele>1119.3600000000001</ele>
   </trkpt>
   <trkpt lat="42.12503" lon="13.365160000000001">
    <ele>1121.42</ele>
   </trkpt>
   <trkpt lat="42.125130000000006" lon="13.3649">
    <ele>1122.7600000000002</ele>
   </trkpt>
   <trkpt lat="42.1253" lon="13.36462">
    <ele>1123.8700000000001</ele>
   </trkpt>
   <trkpt lat="42.12539" lon="13.364500000000001">
    <ele>1123.8700000000001</ele>
   </trkpt>
   <trkpt lat="42.12599" lon="13.364030000000001">
    <ele>1126.23</ele>
   </trkpt>
   <trkpt lat="42.12638000065358" lon="13.363605002758652">
    <ele>1125.5300000000002</ele>
   </trkpt>
   <trkpt lat="42.12677" lon="13.363180000000002">
    <ele>1121.79</ele>
   </trkpt>
   <trkpt lat="42.12733" lon="13.362710000000002">
    <ele>1115.8100000000002</ele>
   </trkpt>
   <trkpt lat="42.127810000000004" lon="13.362250000000001">
    <ele>1113.0200000000002</ele>
   </trkpt>
   <trkpt lat="42.12805" lon="13.362190000000002">
    <ele>1112.83</ele>
   </trkpt>
   <trkpt lat="42.12814" lon="13.362140000000002">
    <ele>1112.67</ele>
   </trkpt>
   <trkpt lat="42.12823" lon="13.36204">
    <ele>1112.36</ele>
   </trkpt>
   <trkpt lat="42.12834" lon="13.361690000000001">
    <ele>1110.75</ele>
   </trkpt>
   <trkpt lat="42.12843" lon="13.36156">
    <ele>1110.44</ele>
   </trkpt>
   <trkpt lat="42.12852" lon="13.36148">
    <ele>1110.02</ele>
   </trkpt>
   <trkpt lat="42.12877" lon="13.36142">
    <ele>1109.7400000000002</ele>
   </trkpt>
   <trkpt lat="42.128820000000005" lon="13.361390000000002">
    <ele>1109.7400000000002</ele>
   </trkpt>
   <trkpt lat="42.129310000000004" lon="13.360830000000002">
    <ele>1108.93</ele>
   </trkpt>
   <trkpt lat="42.129340000000006" lon="13.360740000000002">
    <ele>1108.93</ele>
   </trkpt>
   <trkpt lat="42.129340000000006" lon="13.360590000000002">
    <ele>1108.43</ele>
   </trkpt>
   <trkpt lat="42.129360000000005" lon="13.36049">
    <ele>1108.43</ele>
   </trkpt>
   <trkpt lat="42.129450000000006" lon="13.36035">
    <ele>1106.12</ele>
   </trkpt>
   <trkpt lat="42.12952000000001" lon="13.360280000000001">
    <ele>1106.12</ele>
   </trkpt>
   <trkpt lat="42.13" lon="13.36012">
    <ele>1101.3700000000001</ele>
   </trkpt>
   <trkpt lat="42.13" lon="13.360050000000001">
    <ele>1100.5500000000002</ele>
   </trkpt>
   <trkpt lat="42.12997" lon="13.359950000000001">
    <ele>1099.65</ele>
   </trkpt>
   <trkpt lat="42.129580000000004" lon="13.35946">
    <ele>1083.66</ele>
   </trkpt>
   <trkpt lat="42.12941" lon="13.359300000000001">
    <ele>1082.48</ele>
   </trkpt>
   <trkpt lat="42.12919" lon="13.359300000000001">
    <ele>1074.2900000000002</ele>
   </trkpt>
   <trkpt lat="42.12901" lon="13.35917">
    <ele>1072.2500000000002</ele>
   </trkpt>
   <trkpt lat="42.12892" lon="13.359050000000002">
    <ele>1068.47</ele>
   </trkpt>
   <trkpt lat="42.12876000000001" lon="13.358670000000002">
    <ele>1060.1100000000001</ele>
   </trkpt>
   <trkpt lat="42.128710000000005" lon="13.358350000000002">
    <ele>1058.1100000000001</ele>
   </trkpt>
   <trkpt lat="42.128460000000004" lon="13.35763">
    <ele>1041.68</ele>
   </trkpt>
   <trkpt lat="42.128420000000006" lon="13.35743">
    <ele>1033.0900000000001</ele>
   </trkpt>
   <trkpt lat="42.128440000000005" lon="13.35721">
    <ele>1033.0900000000001</ele>
   </trkpt>
   <trkpt lat="42.12836" lon="13.356980000000002">
    <ele>1027.22</ele>
   </trkpt>
   <trkpt lat="42.12829000000001" lon="13.356670000000001">
    <ele>1021.7100000000002</ele>
   </trkpt>
   <trkpt lat="42.12798000171765" lon="13.356034996825159">
    <ele>1009.09</ele>
   </trkpt>
   <trkpt lat="42.12767" lon="13.355400000000001">
    <ele>993.7800000000001</ele>
   </trkpt>
   <trkpt lat="42.127390000000005" lon="13.354370000000001">
    <ele>979.19</ele>
   </trkpt>
   <trkpt lat="42.127500000000005" lon="13.35396">
    <ele>973.4300000000001</ele>
   </trkpt>
   <trkpt lat="42.127390000000005" lon="13.35336">
    <ele>966.52</ele>
   </trkpt>
   <trkpt lat="42.127430000000004" lon="13.353090000000002">
    <ele>961.69</ele>
   </trkpt>
   <trkpt lat="42.127140000000004" lon="13.352450000000001">
    <ele>951.37</ele>
   </trkpt>
   <trkpt lat="42.12724" lon="13.351370000000001">
    <ele>936.7800000000001</ele>
   </trkpt>
   <trkpt lat="42.12782000000001" lon="13.350950000000001">
    <ele>930.2800000000001</ele>
   </trkpt>
   <trkpt lat="42.12812" lon="13.351030000000002">
    <ele>936.2800000000001</ele>
   </trkpt>
   <trkpt lat="42.128170000000004" lon="13.35101">
    <ele>936.2800000000001</ele>
   </trkpt>
   <trkpt lat="42.12829000000001" lon="13.350650000000002">
    <ele>940.2900000000001</ele>
   </trkpt>
   <trkpt lat="42.128400000000006" lon="13.350420000000002">
    <ele>941.8900000000001</ele>
   </trkpt>
   <trkpt lat="42.128490000000006" lon="13.3503">
    <ele>943.0</ele>
   </trkpt>
   <trkpt lat="42.12859" lon="13.35026">
    <ele>944.7</ele>
   </trkpt>
   <trkpt lat="42.12892" lon="13.35025">
    <ele>948.9900000000001</ele>
   </trkpt>
   <trkpt lat="42.12919" lon="13.350330000000001">
    <ele>955.13</ele>
   </trkpt>
   <trkpt lat="42.129290000000005" lon="13.350080000000002">
    <ele>956.9000000000001</ele>
   </trkpt>
   <trkpt lat="42.12948" lon="13.34993">
    <ele>959.8900000000001</ele>
   </trkpt>
   <trkpt lat="42.129670000000004" lon="13.349820000000001">
    <ele>963.49</ele>
   </trkpt>
   <trkpt lat="42.12973" lon="13.349820000000001">
    <ele>963.49</ele>
   </trkpt>
   <trkpt lat="42.13036" lon="13.349590000000001">
    <ele>971.34</ele>
   </trkpt>
   <trkpt lat="42.13065" lon="13.34942">
    <ele>976.1200000000001</ele>
   </trkpt>
   <trkpt lat="42.13087" lon="13.34936">
    <ele>979.83</ele>
   </trkpt>
   <trkpt lat="42.130950000000006" lon="13.34923">
    <ele>980.96</ele>
   </trkpt>
   <trkpt lat="42.13109" lon="13.34889">
    <ele>982.74</ele>
   </trkpt>
   <trkpt lat="42.13112" lon="13.348650000000001">
    <ele>983.84</ele>
   </trkpt>
   <trkpt lat="42.131710000000005" lon="13.34782">
    <ele>988.26</ele>
   </trkpt>
   <trkpt lat="42.131840000000004" lon="13.347510000000002">
    <ele>988.7900000000001</ele>
   </trkpt>
   <trkpt lat="42.1321" lon="13.3472">
    <ele>989.98</ele>
   </trkpt>
   <trkpt lat="42.132400000000004" lon="13.34692">
    <ele>992.86</ele>
   </trkpt>
   <trkpt lat="42.13255" lon="13.346860000000001">
    <ele>994.38</ele>
   </trkpt>
   <trkpt lat="42.13306" lon="13.346950000000001">
    <ele>1001.0400000000001</ele>
   </trkpt>
   <trkpt lat="42.13359666937024" lon="13.346393342753649">
    <ele>1003.6900000000002</ele>
   </trkpt>
   <trkpt lat="42.13413333604985" lon="13.345836676073688">
    <ele>1005.5100000000001</ele>
   </trkpt>
   <trkpt lat="42.13467000000001" lon="13.34528">
    <ele>1008.64</ele>
   </trkpt>
   <trkpt lat="42.134890000000006" lon="13.34509">
    <ele>1010.4399999999999</ele>
   </trkpt>
   <trkpt lat="42.13512" lon="13.344730000000002">
    <ele>1012.0200000000001</ele>
   </trkpt>
   <trkpt lat="42.13526" lon="13.34462">
    <ele>1012.9400000000002</ele>
   </trkpt>
   <trkpt lat="42.135400000000004" lon="13.34449">
    <ele>1014.45</ele>
   </trkpt>
   <trkpt lat="42.13553" lon="13.34426">
    <ele>1015.29</ele>
   </trkpt>
   <trkpt lat="42.13566" lon="13.34393">
    <ele>1016.37</ele>
   </trkpt>
   <trkpt lat="42.135690000000004" lon="13.34374">
    <ele>1016.5300000000001</ele>
   </trkpt>
   <trkpt lat="42.1357" lon="13.3435">
    <ele>1016.5699999999999</ele>
   </trkpt>
   <trkpt lat="42.13579" lon="13.343160000000001">
    <ele>1016.4900000000001</ele>
   </trkpt>
   <trkpt lat="42.13606" lon="13.34251">
    <ele>1017.8100000000001</ele>
   </trkpt>
   <trkpt lat="42.13606" lon="13.34209">
    <ele>1017.6400000000001</ele>
   </trkpt>
   <trkpt lat="42.136120000000005" lon="13.34143">
    <ele>1016.7600000000001</ele>
   </trkpt>
   <trkpt lat="42.136340000000004" lon="13.34092">
    <ele>1016.0500000000001</ele>
   </trkpt>
   <trkpt lat="42.13642" lon="13.340850000000001">
    <ele>1015.9900000000001</ele>
   </trkpt>
   <trkpt lat="42.13647" lon="13.34073">
    <ele>1015.7700000000001</ele>
   </trkpt>
   <trkpt lat="42.137040000000006" lon="13.34149">
    <ele>1035.47</ele>
   </trkpt>
   <trkpt lat="42.137350000000005" lon="13.341640000000002">
    <ele>1035.47</ele>
   </trkpt>
   <trkpt lat="42.137840000000004" lon="13.341590000000002">
    <ele>1041.5700000000002</ele>
   </trkpt>
   <trkpt lat="42.13797" lon="13.341600000000001">
    <ele>1042.7900000000002</ele>
   </trkpt>
   <trkpt lat="42.138600000000004" lon="13.34204">
    <ele>1053.0300000000002</ele>
   </trkpt>
   <trkpt lat="42.139030000000005" lon="13.3421">
    <ele>1060.5900000000001</ele>
   </trkpt>
   <trkpt lat="42.139410000000005" lon="13.34223">
    <ele>1068.77</ele>
   </trkpt>
   <trkpt lat="42.13967" lon="13.342600000000001">
    <ele>1073.49</ele>
   </trkpt>
   <trkpt lat="42.14003" lon="13.342950000000002">
    <ele>1083.96</ele>
   </trkpt>
   <trkpt lat="42.140170000000005" lon="13.34308">
    <ele>1086.5</ele>
   </trkpt>
   <trkpt lat="42.140440000000005" lon="13.343210000000001">
    <ele>1091.28</ele>
   </trkpt>
   <trkpt lat="42.14097" lon="13.343340000000001">
    <ele>1102.95</ele>
   </trkpt>
   <trkpt lat="42.14119" lon="13.343340000000001">
    <ele>1105.3300000000002</ele>
   </trkpt>
   <trkpt lat="42.14182" lon="13.343210000000001">
    <ele>1115.14</ele>
   </trkpt>
   <trkpt lat="42.14217" lon="13.343190000000002">
    <ele>1120.7600000000002</ele>
   </trkpt>
   <trkpt lat="42.14235" lon="13.343140000000002">
    <ele>1122.7900000000002</ele>
   </trkpt>
   <trkpt lat="42.142680000000006" lon="13.342960000000001">
    <ele>1129.31</ele>
   </trkpt>
   <trkpt lat="42.143280000000004" lon="13.342730000000001">
    <ele>1137.1200000000001</ele>
   </trkpt>
   <trkpt lat="42.14363" lon="13.342550000000001">
    <ele>1142.47</ele>
   </trkpt>
   <trkpt lat="42.14388" lon="13.342340000000002">
    <ele>1146.02</ele>
   </trkpt>
   <trkpt lat="42.14403" lon="13.34228">
    <ele>1147.45</ele>
   </trkpt>
   <trkpt lat="42.14443000000001" lon="13.341920000000002">
    <ele>1151.89</ele>
   </trkpt>
   <trkpt lat="42.14484" lon="13.34149">
    <ele>1157.93</ele>
   </trkpt>
   <trkpt lat="42.145480000000006" lon="13.341220000000002">
    <ele>1165.24</ele>
   </trkpt>
   <trkpt lat="42.14574" lon="13.340930000000002">
    <ele>1169.15</ele>
   </trkpt>
   <trkpt lat="42.14596" lon="13.34036">
    <ele>1175.7700000000002</ele>
   </trkpt>
   <trkpt lat="42.146275001027114" lon="13.33986000258041">
    <ele>1183.44</ele>
   </trkpt>
   <trkpt lat="42.14659" lon="13.339360000000001">
    <ele>1191.98</ele>
   </trkpt>
   <trkpt lat="42.14685" lon="13.33914">
    <ele>1199.0</ele>
   </trkpt>
   <trkpt lat="42.14707000000001" lon="13.338890000000001">
    <ele>1200.3700000000001</ele>
   </trkpt>
   <trkpt lat="42.147330000000004" lon="13.33877">
    <ele>1203.0500000000002</ele>
   </trkpt>
   <trkpt lat="42.14743" lon="13.33852">
    <ele>1204.5400000000002</ele>
   </trkpt>
   <trkpt lat="42.14761" lon="13.338230000000001">
    <ele>1208.8400000000001</ele>
   </trkpt>
   <trkpt lat="42.148160000000004" lon="13.337940000000001">
    <ele>1212.3799999999999</ele>
   </trkpt>
   <trkpt lat="42.148390000000006" lon="13.33777">
    <ele>1215.3100000000002</ele>
   </trkpt>
   <trkpt lat="42.14875000000001" lon="13.337600000000002">
    <ele>1217.6100000000001</ele>
   </trkpt>
   <trkpt lat="42.14891" lon="13.337520000000001">
    <ele>1219.2200000000003</ele>
   </trkpt>
   <trkpt lat="42.14923" lon="13.33741">
    <ele>1219.78</ele>
   </trkpt>
   <trkpt lat="42.14922000000001" lon="13.33769">
    <ele>1220.48</ele>
   </trkpt>
   <trkpt lat="42.149390000000004" lon="13.337610000000002">
    <ele>1223.36</ele>
   </trkpt>
   <trkpt lat="42.14951000000001" lon="13.337710000000001">
    <ele>1226.73</ele>
   </trkpt>
   <trkpt lat="42.14976" lon="13.338080000000001">
    <ele>1233.0700000000002</ele>
   </trkpt>
   <trkpt lat="42.14979" lon="13.33838">
    <ele>1238.01</ele>
   </trkpt>
   <trkpt lat="42.14983" lon="13.33857">
    <ele>1240.55</ele>
   </trkpt>
   <trkpt lat="42.14983" lon="13.338560000000001">
    <ele>1239.6100000000001</ele>
   </trkpt>
   <trkpt lat="42.149910000000006" lon="13.3388">
    <ele>1246.1200000000001</ele>
   </trkpt>
   <trkpt lat="42.149950000000004" lon="13.338920000000002">
    <ele>1248.6200000000001</ele>
   </trkpt>
   <trkpt lat="42.150290000000005" lon="13.33965">
    <ele>1264.5000000000002</ele>
   </trkpt>
   <trkpt lat="42.15032" lon="13.339820000000001">
    <ele>1266.25</ele>
   </trkpt>
   <trkpt lat="42.15061" lon="13.340110000000001">
    <ele>1271.1000000000001</ele>
   </trkpt>
   <trkpt lat="42.150830000000006" lon="13.34021">
    <ele>1276.68</ele>
   </trkpt>
   <trkpt lat="42.150940000000006" lon="13.34021">
    <ele>1277.9900000000002</ele>
   </trkpt>
   <trkpt lat="42.151030000000006" lon="13.34027">
    <ele>1279.64</ele>
   </trkpt>
   <trkpt lat="42.151160000000004" lon="13.340240000000001">
    <ele>1281.14</ele>
   </trkpt>
   <trkpt lat="42.151500000000006" lon="13.340200000000001">
    <ele>1286.88</ele>
   </trkpt>
   <trkpt lat="42.15156" lon="13.340180000000002">
    <ele>1287.7</ele>
   </trkpt>
   <trkpt lat="42.15166000000001" lon="13.340090000000002">
    <ele>1291.98</ele>
   </trkpt>
   <trkpt lat="42.15173" lon="13.340100000000001">
    <ele>1291.98</ele>
   </trkpt>
   <trkpt lat="42.151900000000005" lon="13.33999">
    <ele>1296.21</ele>
   </trkpt>
   <trkpt lat="42.15198" lon="13.339860000000002">
    <ele>1298.72</ele>
   </trkpt>
   <trkpt lat="42.15202" lon="13.33975">
    <ele>1298.72</ele>
   </trkpt>
   <trkpt lat="42.15216" lon="13.339670000000002">
    <ele>1301.7800000000002</ele>
   </trkpt>
   <trkpt lat="42.1527" lon="13.339390000000002">
    <ele>1306.99</ele>
   </trkpt>
   <trkpt lat="42.15345000000001" lon="13.339170000000001">
    <ele>1311.26</ele>
   </trkpt>
   <trkpt lat="42.1535" lon="13.339110000000002">
    <ele>1311.69</ele>
   </trkpt>
   <trkpt lat="42.153650000000006" lon="13.339060000000002">
    <ele>1313.2100000000003</ele>
   </trkpt>
   <trkpt lat="42.15401000000001" lon="13.33881">
    <ele>1320.3600000000001</ele>
   </trkpt>
   <trkpt lat="42.15431" lon="13.33852">
    <ele>1326.0200000000002</ele>
   </trkpt>
   <trkpt lat="42.154790000000006" lon="13.3381">
    <ele>1332.0500000000002</ele>
   </trkpt>
   <trkpt lat="42.155350000000006" lon="13.337800000000001">
    <ele>1343.69</ele>
   </trkpt>
   <trkpt lat="42.155440000000006" lon="13.337790000000002">
    <ele>1347.5400000000002</ele>
   </trkpt>
   <trkpt lat="42.155460000000005" lon="13.33777">
    <ele>1347.5400000000002</ele>
   </trkpt>
   <trkpt lat="42.15569000000001" lon="13.33768">
    <ele>1352.98</ele>
   </trkpt>
   <trkpt lat="42.155750000000005" lon="13.33768">
    <ele>1358.06</ele>
   </trkpt>
   <trkpt lat="42.15623" lon="13.337530000000001">
    <ele>1371.85</ele>
   </trkpt>
   <trkpt lat="42.156490000000005" lon="13.337420000000002">
    <ele>1376.7900000000002</ele>
   </trkpt>
   <trkpt lat="42.156895000471074" lon="13.337135001740604">
    <ele>1383.9800000000002</ele>
   </trkpt>
   <trkpt lat="42.157300000000006" lon="13.336850000000002">
    <ele>1391.5900000000001</ele>
   </trkpt>
   <trkpt lat="42.15742" lon="13.336710000000002">
    <ele>1396.39</ele>
   </trkpt>
   <trkpt lat="42.157700000000006" lon="13.336640000000001">
    <ele>1404.77</ele>
   </trkpt>
   <trkpt lat="42.15798" lon="13.336480000000002">
    <ele>1412.6900000000003</ele>
   </trkpt>
   <trkpt lat="42.158030000000004" lon="13.33647">
    <ele>1417.2300000000002</ele>
   </trkpt>
   <trkpt lat="42.158030000000004" lon="13.33655">
    <ele>1417.2300000000002</ele>
   </trkpt>
   <trkpt lat="42.158" lon="13.3366">
    <ele>1418.65</ele>
   </trkpt>
   <trkpt lat="42.157990000000005" lon="13.336720000000001">
    <ele>1422.4500000000003</ele>
   </trkpt>
   <trkpt lat="42.15793" lon="13.3368">
    <ele>1423.7600000000002</ele>
   </trkpt>
   <trkpt lat="42.157900000000005" lon="13.336960000000001">
    <ele>1429.7300000000002</ele>
   </trkpt>
   <trkpt lat="42.15809" lon="13.336870000000001">
    <ele>1432.47</ele>
   </trkpt>
   <trkpt lat="42.15845" lon="13.336810000000002">
    <ele>1444.88</ele>
   </trkpt>
   <trkpt lat="42.158660000000005" lon="13.336640000000001">
    <ele>1448.7</ele>
   </trkpt>
   <trkpt lat="42.15874" lon="13.336540000000001">
    <ele>1451.5900000000001</ele>
   </trkpt>
   <trkpt lat="42.15903" lon="13.33637">
    <ele>1458.44</ele>
   </trkpt>
   <trkpt lat="42.159150000000004" lon="13.336260000000001">
    <ele>1461.42</ele>
   </trkpt>
   <trkpt lat="42.15923" lon="13.33623">
    <ele>1464.74</ele>
   </trkpt>
   <trkpt lat="42.15935" lon="13.33613">
    <ele>1467.0100000000002</ele>
   </trkpt>
   <trkpt lat="42.1595" lon="13.336070000000001">
    <ele>1470.7700000000002</ele>
   </trkpt>
   <trkpt lat="42.15955" lon="13.336">
    <ele>1472.19</ele>
   </trkpt>
   <trkpt lat="42.15957" lon="13.336030000000001">
    <ele>1475.2500000000002</ele>
   </trkpt>
   <trkpt lat="42.15957" lon="13.336070000000001">
    <ele>1475.2500000000002</ele>
   </trkpt>
   <trkpt lat="42.15966" lon="13.336030000000001">
    <ele>1476.88</ele>
   </trkpt>
   <trkpt lat="42.15979" lon="13.33604">
    <ele>1483.6200000000001</ele>
   </trkpt>
   <trkpt lat="42.15982" lon="13.336010000000002">
    <ele>1485.21</ele>
   </trkpt>
   <trkpt lat="42.15995" lon="13.33599">
    <ele>1489.45</ele>
   </trkpt>
   <trkpt lat="42.160120000000006" lon="13.335840000000001">
    <ele>1494.0800000000002</ele>
   </trkpt>
   <trkpt lat="42.160210000000006" lon="13.3358">
    <ele>1499.36</ele>
   </trkpt>
   <trkpt lat="42.160230000000006" lon="13.335820000000002">
    <ele>1499.36</ele>
   </trkpt>
   <trkpt lat="42.160210000000006" lon="13.33586">
    <ele>1499.36</ele>
   </trkpt>
   <trkpt lat="42.16022" lon="13.335890000000001">
    <ele>1499.36</ele>
   </trkpt>
   <trkpt lat="42.16035" lon="13.335780000000002">
    <ele>1503.8500000000001</ele>
   </trkpt>
   <trkpt lat="42.1604" lon="13.335770000000002">
    <ele>1505.8100000000002</ele>
   </trkpt>
   <trkpt lat="42.16078" lon="13.33548">
    <ele>1512.3200000000002</ele>
   </trkpt>
   <trkpt lat="42.160900000000005" lon="13.335310000000002">
    <ele>1515.44</ele>
   </trkpt>
   <trkpt lat="42.161" lon="13.335220000000001">
    <ele>1516.58</ele>
   </trkpt>
   <trkpt lat="42.16109" lon="13.3352">
    <ele>1520.3500000000001</ele>
   </trkpt>
   <trkpt lat="42.16116" lon="13.335220000000001">
    <ele>1522.49</ele>
   </trkpt>
   <trkpt lat="42.161350000000006" lon="13.335040000000001">
    <ele>1525.94</ele>
   </trkpt>
   <trkpt lat="42.16165" lon="13.334890000000001">
    <ele>1532.27</ele>
   </trkpt>
   <trkpt lat="42.1617" lon="13.33482">
    <ele>1533.8400000000001</ele>
   </trkpt>
   <trkpt lat="42.161820000000006" lon="13.33477">
    <ele>1537.43</ele>
   </trkpt>
   <trkpt lat="42.16187" lon="13.33477">
    <ele>1537.43</ele>
   </trkpt>
   <trkpt lat="42.16187" lon="13.334830000000002">
    <ele>1537.43</ele>
   </trkpt>
   <trkpt lat="42.161750000000005" lon="13.335090000000001">
    <ele>1544.15</ele>
   </trkpt>
   <trkpt lat="42.16176" lon="13.335120000000002">
    <ele>1544.15</ele>
   </trkpt>
   <trkpt lat="42.161840000000005" lon="13.335090000000001">
    <ele>1548.52</ele>
   </trkpt>
   <trkpt lat="42.16187" lon="13.33511">
    <ele>1548.52</ele>
   </trkpt>
   <trkpt lat="42.161950000000004" lon="13.335090000000001">
    <ele>1551.32</ele>
   </trkpt>
   <trkpt lat="42.16198000000001" lon="13.33514">
    <ele>1551.32</ele>
   </trkpt>
   <trkpt lat="42.161970000000004" lon="13.33519">
    <ele>1551.32</ele>
   </trkpt>
   <trkpt lat="42.16199" lon="13.335210000000002">
    <ele>1556.66</ele>
   </trkpt>
   <trkpt lat="42.16198000000001" lon="13.33525">
    <ele>1556.66</ele>
   </trkpt>
   <trkpt lat="42.16192" lon="13.335320000000001">
    <ele>1556.66</ele>
   </trkpt>
   <trkpt lat="42.161880000000004" lon="13.335460000000001">
    <ele>1563.5700000000002</ele>
   </trkpt>
   <trkpt lat="42.161860000000004" lon="13.335450000000002">
    <ele>1563.5700000000002</ele>
   </trkpt>
   <trkpt lat="42.16187" lon="13.335490000000002">
    <ele>1563.5700000000002</ele>
   </trkpt>
   <trkpt lat="42.16183" lon="13.335550000000001">
    <ele>1563.5700000000002</ele>
   </trkpt>
   <trkpt lat="42.16183" lon="13.335600000000001">
    <ele>1563.5700000000002</ele>
   </trkpt>
   <trkpt lat="42.16171000000001" lon="13.336010000000002">
    <ele>1572.7300000000002</ele>
   </trkpt>
   <trkpt lat="42.161570000000005" lon="13.336660000000002">
    <ele>1587.43</ele>
   </trkpt>
   <trkpt lat="42.16196" lon="13.33646">
    <ele>1603.7100000000003</ele>
   </trkpt>
   <trkpt lat="42.162020000000005" lon="13.336530000000002">
    <ele>1603.7100000000003</ele>
   </trkpt>
   <trkpt lat="42.16196" lon="13.336680000000001">
    <ele>1607.9500000000003</ele>
   </trkpt>
   <trkpt lat="42.162040000000005" lon="13.33674">
    <ele>1609.5100000000002</ele>
   </trkpt>
   <trkpt lat="42.162060000000004" lon="13.33694">
    <ele>1617.6200000000001</ele>
   </trkpt>
   <trkpt lat="42.162000000000006" lon="13.33721">
    <ele>1621.75</ele>
   </trkpt>
   <trkpt lat="42.16217" lon="13.337140000000002">
    <ele>1628.89</ele>
   </trkpt>
   <trkpt lat="42.162150000000004" lon="13.337240000000001">
    <ele>1630.4</ele>
   </trkpt>
   <trkpt lat="42.162240000000004" lon="13.337280000000002">
    <ele>1633.64</ele>
   </trkpt>
   <trkpt lat="42.162200000000006" lon="13.337480000000001">
    <ele>1642.0</ele>
   </trkpt>
   <trkpt lat="42.16228" lon="13.33755">
    <ele>1643.75</ele>
   </trkpt>
   <trkpt lat="42.16226" lon="13.337890000000002">
    <ele>1654.56</ele>
   </trkpt>
   <trkpt lat="42.162220000000005" lon="13.33802">
    <ele>1659.2600000000002</ele>
   </trkpt>
   <trkpt lat="42.162240000000004" lon="13.338230000000001">
    <ele>1665.21</ele>
   </trkpt>
   <trkpt lat="42.162200000000006" lon="13.338470000000001">
    <ele>1673.8400000000001</ele>
   </trkpt>
   <trkpt lat="42.162290000000006" lon="13.33852">
    <ele>1675.3000000000002</ele>
   </trkpt>
   <trkpt lat="42.162200000000006" lon="13.338780000000002">
    <ele>1681.8400000000001</ele>
   </trkpt>
   <trkpt lat="42.162150000000004" lon="13.33904">
    <ele>1687.8200000000002</ele>
   </trkpt>
   <trkpt lat="42.162040000000005" lon="13.33938">
    <ele>1692.4800000000002</ele>
   </trkpt>
   <trkpt lat="42.161880000000004" lon="13.3397">
    <ele>1697.68</ele>
   </trkpt>
   <trkpt lat="42.161680000000004" lon="13.340160000000001">
    <ele>1708.0300000000002</ele>
   </trkpt>
   <trkpt lat="42.161660000000005" lon="13.34078">
    <ele>1720.6000000000001</ele>
   </trkpt>
   <trkpt lat="42.16136" lon="13.34157">
    <ele>1733.6200000000001</ele>
   </trkpt>
   <trkpt lat="42.16134" lon="13.341890000000001">
    <ele>1738.6800000000003</ele>
   </trkpt>
   <trkpt lat="42.16124000000001" lon="13.34209">
    <ele>1743.45</ele>
   </trkpt>
   <trkpt lat="42.160970000000006" lon="13.342880000000001">
    <ele>1759.2500000000002</ele>
   </trkpt>
   <trkpt lat="42.16082" lon="13.343160000000001">
    <ele>1770.55</ele>
   </trkpt>
   <trkpt lat="42.160720000000005" lon="13.343390000000001">
    <ele>1770.55</ele>
   </trkpt>
   <trkpt lat="42.16071" lon="13.343580000000001">
    <ele>1780.38</ele>
   </trkpt>
   <trkpt lat="42.16049" lon="13.34425">
    <ele>1790.97</ele>
   </trkpt>
   <trkpt lat="42.16037" lon="13.344970000000002">
    <ele>1806.5700000000002</ele>
   </trkpt>
   <trkpt lat="42.16028" lon="13.34509">
    <ele>1809.43</ele>
   </trkpt>
   <trkpt lat="42.160070000000005" lon="13.345500000000001">
    <ele>1821.71</ele>
   </trkpt>
   <trkpt lat="42.160160000000005" lon="13.34562">
    <ele>1825.8200000000002</ele>
   </trkpt>
   <trkpt lat="42.160180000000004" lon="13.345970000000001">
    <ele>1833.69</ele>
   </trkpt>
   <trkpt lat="42.15997" lon="13.346580000000001">
    <ele>1847.8000000000002</ele>
   </trkpt>
   <trkpt lat="42.160000000000004" lon="13.34679">
    <ele>1853.3100000000002</ele>
   </trkpt>
   <trkpt lat="42.1599" lon="13.347170000000002">
    <ele>1863.8100000000002</ele>
   </trkpt>
   <trkpt lat="42.15993" lon="13.34726">
    <ele>1863.8100000000002</ele>
   </trkpt>
   <trkpt lat="42.159850000000006" lon="13.347460000000002">
    <ele>1868.68</ele>
   </trkpt>
   <trkpt lat="42.159940000000006" lon="13.34754">
    <ele>1875.4100000000003</ele>
   </trkpt>
   <trkpt lat="42.159800000000004" lon="13.347830000000002">
    <ele>1886.91</ele>
   </trkpt>
   <trkpt lat="42.159800000000004" lon="13.3481">
    <ele>1889.93</ele>
   </trkpt>
   <trkpt lat="42.1597" lon="13.348300000000002">
    <ele>1895.43</ele>
   </trkpt>
   <trkpt lat="42.159690000000005" lon="13.348510000000001">
    <ele>1901.2300000000002</ele>
   </trkpt>
   <trkpt lat="42.159560000000006" lon="13.348640000000001">
    <ele>1906.7200000000003</ele>
   </trkpt>
   <trkpt lat="42.159290000000006" lon="13.349350000000001">
    <ele>1921.1200000000001</ele>
   </trkpt>
   <trkpt lat="42.159310000000005" lon="13.349530000000001">
    <ele>1925.64</ele>
   </trkpt>
   <trkpt lat="42.159330000000004" lon="13.349580000000001">
    <ele>1930.5700000000002</ele>
   </trkpt>
   <trkpt lat="42.159380000000006" lon="13.349590000000001">
    <ele>1930.5700000000002</ele>
   </trkpt>
   <trkpt lat="42.159380000000006" lon="13.349920000000001">
    <ele>1937.68</ele>
   </trkpt>
   <trkpt lat="42.159420000000004" lon="13.349990000000002">
    <ele>1937.68</ele>
   </trkpt>
   <trkpt lat="42.159380000000006" lon="13.350100000000001">
    <ele>1943.63</ele>
   </trkpt>
   <trkpt lat="42.159420000000004" lon="13.350100000000001">
    <ele>1943.63</ele>
   </trkpt>
   <trkpt lat="42.159420000000004" lon="13.350090000000002">
    <ele>1931.0500000000002</ele>
   </trkpt>
   <trkpt lat="42.15935" lon="13.35082">
    <ele>1940.3100000000002</ele>
   </trkpt>
   <trkpt lat="42.15937" lon="13.35087">
    <ele>1959.1900000000003</ele>
   </trkpt>
   <trkpt lat="42.15936000000001" lon="13.351040000000001">
    <ele>1960.5100000000002</ele>
   </trkpt>
   <trkpt lat="42.15932" lon="13.351300000000002">
    <ele>1969.89</ele>
   </trkpt>
   <trkpt lat="42.159240000000004" lon="13.35158">
    <ele>1977.24</ele>
   </trkpt>
   <trkpt lat="42.15921" lon="13.351790000000001">
    <ele>1979.5900000000001</ele>
   </trkpt>
   <trkpt lat="42.15917" lon="13.352870000000001">
    <ele>1995.1600000000003</ele>
   </trkpt>
   <trkpt lat="42.15923" lon="13.3533">
    <ele>2004.9300000000003</ele>
   </trkpt>
   <trkpt lat="42.15923" lon="13.354080000000002">
    <ele>2014.88</ele>
   </trkpt>
   <trkpt lat="42.159150000000004" lon="13.35434">
    <ele>2024.2900000000002</ele>
   </trkpt>
   <trkpt lat="42.15914" lon="13.354450000000002">
    <ele>2024.2900000000002</ele>
   </trkpt>
   <trkpt lat="42.159060000000004" lon="13.35476">
    <ele>2029.76</ele>
   </trkpt>
   <trkpt lat="42.15898000000001" lon="13.355220000000001">
    <ele>2043.2100000000003</ele>
   </trkpt>
   <trkpt lat="42.15894" lon="13.355350000000001">
    <ele>2043.2100000000003</ele>
   </trkpt>
   <trkpt lat="42.158970000000004" lon="13.35584">
    <ele>2052.6</ele>
   </trkpt>
   <trkpt lat="42.15903" lon="13.355900000000002">
    <ele>2053.4</ele>
   </trkpt>
   <trkpt lat="42.15907000000001" lon="13.35588">
    <ele>2054.01</ele>
   </trkpt>
   <trkpt lat="42.15894" lon="13.356110000000001">
    <ele>2052.78</ele>
   </trkpt>
   <trkpt lat="42.15899" lon="13.356320000000002">
    <ele>2050.01</ele>
   </trkpt>
   <trkpt lat="42.159150000000004" lon="13.356840000000002">
    <ele>2045.43</ele>
   </trkpt>
   <trkpt lat="42.159150000000004" lon="13.357500000000002">
    <ele>2049.0000000000005</ele>
   </trkpt>
   <trkpt lat="42.15917" lon="13.35768">
    <ele>2048.82</ele>
   </trkpt>
   <trkpt lat="42.159220000000005" lon="13.357750000000001">
    <ele>2047.8100000000002</ele>
   </trkpt>
   <trkpt lat="42.15921" lon="13.357870000000002">
    <ele>2046.9099999999999</ele>
   </trkpt>
   <trkpt lat="42.159180000000006" lon="13.357970000000002">
    <ele>2046.5900000000001</ele>
   </trkpt>
   <trkpt lat="42.15925" lon="13.358060000000002">
    <ele>2045.8100000000004</ele>
   </trkpt>
   <trkpt lat="42.15934" lon="13.358270000000001">
    <ele>2043.68</ele>
   </trkpt>
   <trkpt lat="42.159510000000004" lon="13.35856">
    <ele>2042.6000000000001</ele>
   </trkpt>
   <trkpt lat="42.15963" lon="13.358810000000002">
    <ele>2041.01</ele>
   </trkpt>
   <trkpt lat="42.15975" lon="13.359240000000002">
    <ele>2039.0200000000002</ele>
   </trkpt>
   <trkpt lat="42.15979" lon="13.35997">
    <ele>2038.6300000000003</ele>
   </trkpt>
   <trkpt lat="42.15973" lon="13.360380000000001">
    <ele>2041.6700000000003</ele>
   </trkpt>
   <trkpt lat="42.1597" lon="13.360800000000001">
    <ele>2044.34</ele>
   </trkpt>
   <trkpt lat="42.15963" lon="13.361220000000001">
    <ele>2050.86</ele>
   </trkpt>
   <trkpt lat="42.159620000000004" lon="13.361960000000002">
    <ele>2060.5299999999997</ele>
   </trkpt>
   <trkpt lat="42.159710000000004" lon="13.362100000000002">
    <ele>2063.11</ele>
   </trkpt>
   <trkpt lat="42.159710000000004" lon="13.36246">
    <ele>2066.0000000000005</ele>
   </trkpt>
   <trkpt lat="42.15968" lon="13.362910000000001">
    <ele>2069.8700000000003</ele>
   </trkpt>
   <trkpt lat="42.15973" lon="13.363130000000002">
    <ele>2071.66</ele>
   </trkpt>
   <trkpt lat="42.15977" lon="13.363140000000001">
    <ele>2071.66</ele>
   </trkpt>
   <trkpt lat="42.15979" lon="13.36359">
    <ele>2074.6900000000005</ele>
   </trkpt>
   <trkpt lat="42.15975" lon="13.36363">
    <ele>2075.0200000000004</ele>
   </trkpt>
   <trkpt lat="42.159710000000004" lon="13.363970000000002">
    <ele>2077.09</ele>
   </trkpt>
   <trkpt lat="42.159740000000006" lon="13.364510000000001">
    <ele>2084.41</ele>
   </trkpt>
   <trkpt lat="42.15973" lon="13.364740000000001">
    <ele>2087.57</ele>
   </trkpt>
   <trkpt lat="42.159760000000006" lon="13.36508">
    <ele>2092.51</ele>
   </trkpt>
   <trkpt lat="42.15979" lon="13.365990000000002">
    <ele>2101.6000000000004</ele>
   </trkpt>
   <trkpt lat="42.15977" lon="13.36597">
    <ele>2102.3500000000004</ele>
   </trkpt>
   <trkpt lat="42.15975" lon="13.366330000000001">
    <ele>2105.9100000000003</ele>
   </trkpt>
   <trkpt lat="42.159740000000006" lon="13.366410000000002">
    <ele>2105.59</ele>
   </trkpt>
   <trkpt lat="42.15977" lon="13.366670000000001">
    <ele>2107.64</ele>
   </trkpt>
   <trkpt lat="42.15982" lon="13.36683">
    <ele>2109.26</ele>
   </trkpt>
   <trkpt lat="42.16001000000001" lon="13.367080000000001">
    <ele>2111.2200000000003</ele>
   </trkpt>
   <trkpt lat="42.160230000000006" lon="13.367310000000002">
    <ele>2111.4300000000003</ele>
   </trkpt>
   <trkpt lat="42.16038" lon="13.367310000000002">
    <ele>2111.1</ele>
   </trkpt>
   <trkpt lat="42.16078" lon="13.367120000000002">
    <ele>2111.66</ele>
   </trkpt>
   <trkpt lat="42.16091" lon="13.367270000000001">
    <ele>2110.85</ele>
   </trkpt>
   <trkpt lat="42.161070002271025" lon="13.367994998116012">
    <ele>2109.38</ele>
   </trkpt>
   <trkpt lat="42.16123" lon="13.368720000000001">
    <ele>2106.88</ele>
   </trkpt>
   <trkpt lat="42.161280000000005" lon="13.36907">
    <ele>2107.4300000000003</ele>
   </trkpt>
   <trkpt lat="42.16131" lon="13.36945">
    <ele>2109.0400000000004</ele>
   </trkpt>
   <trkpt lat="42.161350000000006" lon="13.369650000000002">
    <ele>2109.6000000000004</ele>
   </trkpt>
   <trkpt lat="42.16115000215041" lon="13.370345002012078">
    <ele>2111.64</ele>
   </trkpt>
   <trkpt lat="42.16095000000001" lon="13.37104">
    <ele>2115.01</ele>
   </trkpt>
   <trkpt lat="42.16096" lon="13.37152">
    <ele>2122.0000000000005</ele>
   </trkpt>
   <trkpt lat="42.160850003616744" lon="13.372430001406645">
    <ele>2133.63</ele>
   </trkpt>
   <trkpt lat="42.160740000000004" lon="13.37334">
    <ele>2154.91</ele>
   </trkpt>
   <trkpt lat="42.16091" lon="13.37353">
    <ele>2160.33</ele>
   </trkpt>
   <trkpt lat="42.16093" lon="13.3739">
    <ele>2169.7000000000003</ele>
   </trkpt>
   <trkpt lat="42.16107" lon="13.374">
    <ele>2173.82</ele>
   </trkpt>
   <trkpt lat="42.161060000000006" lon="13.374030000000001">
    <ele>2173.82</ele>
   </trkpt>
   <trkpt lat="42.161010000000005" lon="13.374030000000001">
    <ele>2176.9500000000003</ele>
   </trkpt>
   <trkpt lat="42.161" lon="13.37409">
    <ele>2176.9500000000003</ele>
   </trkpt>
   <trkpt lat="42.16095000000001" lon="13.374160000000002">
    <ele>2180.33</ele>
   </trkpt>
   <trkpt lat="42.160940000000004" lon="13.374360000000001">
    <ele>2183.94</ele>
   </trkpt>
   <trkpt lat="42.16087" lon="13.37438">
    <ele>2195.01</ele>
   </trkpt>
   <trkpt lat="42.16084" lon="13.37442">
    <ele>2195.01</ele>
   </trkpt>
   <trkpt lat="42.16078" lon="13.374670000000002">
    <ele>2199.05</ele>
   </trkpt>
   <trkpt lat="42.16062" lon="13.374680000000001">
    <ele>2204.9700000000003</ele>
   </trkpt>
   <trkpt lat="42.160470000000004" lon="13.374770000000002">
    <ele>2208.82</ele>
   </trkpt>
   <trkpt lat="42.160360000000004" lon="13.374720000000002">
    <ele>2212.24</ele>
   </trkpt>
   <trkpt lat="42.16026" lon="13.37475">
    <ele>2216.87</ele>
   </trkpt>
   <trkpt lat="42.16002" lon="13.37465">
    <ele>2221.84</ele>
   </trkpt>
   <trkpt lat="42.15954000000001" lon="13.374680000000001">
    <ele>2235.65</ele>
   </trkpt>
   <trkpt lat="42.159330000000004" lon="13.374920000000001">
    <ele>2242.9700000000003</ele>
   </trkpt>
   <trkpt lat="42.159090000000006" lon="13.374820000000001">
    <ele>2245.42</ele>
   </trkpt>
   <trkpt lat="42.15852" lon="13.374410000000001">
    <ele>2254.56</ele>
   </trkpt>
   <trkpt lat="42.158440000000006" lon="13.37443">
    <ele>2257.7400000000002</ele>
   </trkpt>
   <trkpt lat="42.1582" lon="13.37438">
    <ele>2263.69</ele>
   </trkpt>
   <trkpt lat="42.157520000000005" lon="13.374120000000001">
    <ele>2281.94</ele>
   </trkpt>
   <trkpt lat="42.15737" lon="13.374010000000002">
    <ele>2287.4100000000003</ele>
   </trkpt>
   <trkpt lat="42.157160000000005" lon="13.3739">
    <ele>2291.2700000000004</ele>
   </trkpt>
   <trkpt lat="42.157030000000006" lon="13.37386">
    <ele>2298.27</ele>
   </trkpt>
   <trkpt lat="42.156470000000006" lon="13.373850000000001">
    <ele>2311.19</ele>
   </trkpt>
   <trkpt lat="42.15623" lon="13.374">
    <ele>2313.6400000000003</ele>
   </trkpt>
   <trkpt lat="42.156020000000005" lon="13.373730000000002">
    <ele>2318.77</ele>
   </trkpt>
   <trkpt lat="42.155860000000004" lon="13.37358">
    <ele>2321.67</ele>
   </trkpt>
   <trkpt lat="42.155730000000005" lon="13.37339">
    <ele>2324.5600000000004</ele>
   </trkpt>
   <trkpt lat="42.155640000000005" lon="13.373220000000002">
    <ele>2325.18</ele>
   </trkpt>
   <trkpt lat="42.15552" lon="13.37292">
    <ele>2326.4500000000003</ele>
   </trkpt>
   <trkpt lat="42.155370000000005" lon="13.37273">
    <ele>2326.41</ele>
   </trkpt>
   <trkpt lat="42.15541" lon="13.3725">
    <ele>2321.79</ele>
   </trkpt>
   <trkpt lat="42.1555" lon="13.37227">
    <ele>2315.32</ele>
   </trkpt>
   <trkpt lat="42.15563" lon="13.37171">
    <ele>2302.88</ele>
   </trkpt>
   <trkpt lat="42.15569000000001" lon="13.371410000000001">
    <ele>2291.5400000000004</ele>
   </trkpt>
   <trkpt lat="42.15578" lon="13.371170000000001">
    <ele>2288.9600000000005</ele>
   </trkpt>
   <trkpt lat="42.15588" lon="13.370780000000002">
    <ele>2281.88</ele>
   </trkpt>
   <trkpt lat="42.15592" lon="13.370270000000001">
    <ele>2274.57</ele>
   </trkpt>
   <trkpt lat="42.156000000000006" lon="13.37011">
    <ele>2274.57</ele>
   </trkpt>
   <trkpt lat="42.156110000000005" lon="13.36997">
    <ele>2264.37</ele>
   </trkpt>
   <trkpt lat="42.156780000000005" lon="13.36931">
    <ele>2246.07</ele>
   </trkpt>
   <trkpt lat="42.15682" lon="13.369230000000002">
    <ele>2245.02</ele>
   </trkpt>
   <trkpt lat="42.156960000000005" lon="13.36912">
    <ele>2241.1800000000003</ele>
   </trkpt>
   <trkpt lat="42.157000000000004" lon="13.36903">
    <ele>2239.2000000000003</ele>
   </trkpt>
   <trkpt lat="42.157070000000004" lon="13.369060000000001">
    <ele>2239.2000000000003</ele>
   </trkpt>
   <trkpt lat="42.157210000000006" lon="13.369000000000002">
    <ele>2233.81</ele>
   </trkpt>
   <trkpt lat="42.15729" lon="13.368910000000001">
    <ele>2231.9</ele>
   </trkpt>
   <trkpt lat="42.15738" lon="13.369060000000001">
    <ele>2230.3</ele>
   </trkpt>
   <trkpt lat="42.15742" lon="13.36907">
    <ele>2228.0800000000004</ele>
   </trkpt>
   <trkpt lat="42.157720000000005" lon="13.36884">
    <ele>2220.19</ele>
   </trkpt>
   <trkpt lat="42.15773" lon="13.368770000000001">
    <ele>2220.19</ele>
   </trkpt>
   <trkpt lat="42.15778" lon="13.3688">
    <ele>2220.19</ele>
   </trkpt>
   <trkpt lat="42.15784" lon="13.36879">
    <ele>2212.2200000000003</ele>
   </trkpt>
   <trkpt lat="42.15785" lon="13.368630000000001">
    <ele>2212.2200000000003</ele>
   </trkpt>
   <trkpt lat="42.157990000000005" lon="13.36866">
    <ele>2204.7400000000002</ele>
   </trkpt>
   <trkpt lat="42.15804000000001" lon="13.368500000000001">
    <ele>2201.9</ele>
   </trkpt>
   <trkpt lat="42.15816" lon="13.368500000000001">
    <ele>2195.05</ele>
   </trkpt>
   <trkpt lat="42.15816" lon="13.368450000000001">
    <ele>2195.05</ele>
   </trkpt>
   <trkpt lat="42.158210000000004" lon="13.368440000000001">
    <ele>2195.05</ele>
   </trkpt>
   <trkpt lat="42.15825" lon="13.368380000000002">
    <ele>2195.05</ele>
   </trkpt>
   <trkpt lat="42.158300000000004" lon="13.368380000000002">
    <ele>2190.8100000000004</ele>
   </trkpt>
   <trkpt lat="42.158370000000005" lon="13.368300000000001">
    <ele>2186.78</ele>
   </trkpt>
   <trkpt lat="42.158460000000005" lon="13.368240000000002">
    <ele>2186.78</ele>
   </trkpt>
   <trkpt lat="42.15845" lon="13.36804">
    <ele>2180.51</ele>
   </trkpt>
   <trkpt lat="42.158390000000004" lon="13.3679">
    <ele>2180.51</ele>
   </trkpt>
   <trkpt lat="42.15876" lon="13.368070000000001">
    <ele>2170.42</ele>
   </trkpt>
   <trkpt lat="42.15887" lon="13.36795">
    <ele>2165.78</ele>
   </trkpt>
   <trkpt lat="42.158910000000006" lon="13.367960000000002">
    <ele>2164.6800000000003</ele>
   </trkpt>
   <trkpt lat="42.158930000000005" lon="13.3679">
    <ele>2163.4500000000003</ele>
   </trkpt>
   <trkpt lat="42.15907000000001" lon="13.3679">
    <ele>2162.1</ele>
   </trkpt>
   <trkpt lat="42.159110000000005" lon="13.36781">
    <ele>2156.34</ele>
   </trkpt>
   <trkpt lat="42.159110000000005" lon="13.367680000000002">
    <ele>2153.5800000000004</ele>
   </trkpt>
   <trkpt lat="42.159200000000006" lon="13.367700000000001">
    <ele>2150.92</ele>
   </trkpt>
   <trkpt lat="42.159240000000004" lon="13.36753">
    <ele>2146.13</ele>
   </trkpt>
   <trkpt lat="42.15939" lon="13.367630000000002">
    <ele>2142.46</ele>
   </trkpt>
   <trkpt lat="42.159440000000004" lon="13.36762">
    <ele>2142.46</ele>
   </trkpt>
   <trkpt lat="42.15945000000001" lon="13.367360000000001">
    <ele>2137.74</ele>
   </trkpt>
   <trkpt lat="42.15964" lon="13.36739">
    <ele>2131.9</ele>
   </trkpt>
   <trkpt lat="42.15964" lon="13.367260000000002">
    <ele>2131.9</ele>
   </trkpt>
   <trkpt lat="42.159870000000005" lon="13.367350000000002">
    <ele>2121.84</ele>
   </trkpt>
   <trkpt lat="42.15988" lon="13.367350000000002">
    <ele>2112.9100000000003</ele>
   </trkpt>
   <trkpt lat="42.159980000000004" lon="13.367040000000001">
    <ele>2114.44</ele>
   </trkpt>
   <trkpt lat="42.15982" lon="13.36683">
    <ele>2109.61</ele>
   </trkpt>
   <trkpt lat="42.15975" lon="13.36677">
    <ele>2107.55</ele>
   </trkpt>
   <trkpt lat="42.15941" lon="13.365810000000002">
    <ele>2082.8900000000003</ele>
   </trkpt>
   <trkpt lat="42.15924500486689" lon="13.364754997468088">
    <ele>2065.15</ele>
   </trkpt>
   <trkpt lat="42.15908" lon="13.363700000000001">
    <ele>2050.88</ele>
   </trkpt>
   <trkpt lat="42.1589" lon="13.362940000000002">
    <ele>2036.33</ele>
   </trkpt>
   <trkpt lat="42.15858500292645" lon="13.362119995936308">
    <ele>2015.8700000000001</ele>
   </trkpt>
   <trkpt lat="42.15827" lon="13.361300000000002">
    <ele>1996.67</ele>
   </trkpt>
   <trkpt lat="42.158260000000006" lon="13.360930000000002">
    <ele>1992.05</ele>
   </trkpt>
   <trkpt lat="42.158350000000006" lon="13.360460000000002">
    <ele>1986.0900000000001</ele>
   </trkpt>
   <trkpt lat="42.158300000000004" lon="13.36035">
    <ele>1982.7700000000002</ele>
   </trkpt>
   <trkpt lat="42.15813000000001" lon="13.360270000000002">
    <ele>1979.21</ele>
   </trkpt>
   <trkpt lat="42.158060000000006" lon="13.36029">
    <ele>1974.0900000000001</ele>
   </trkpt>
   <trkpt lat="42.15802" lon="13.360230000000001">
    <ele>1974.0900000000001</ele>
   </trkpt>
   <trkpt lat="42.158" lon="13.36006">
    <ele>1970.5200000000002</ele>
   </trkpt>
   <trkpt lat="42.15793" lon="13.35988">
    <ele>1967.5300000000002</ele>
   </trkpt>
   <trkpt lat="42.15773" lon="13.3595">
    <ele>1957.7300000000002</ele>
   </trkpt>
   <trkpt lat="42.157560000000004" lon="13.35908">
    <ele>1953.21</ele>
   </trkpt>
   <trkpt lat="42.157450000000004" lon="13.359150000000001">
    <ele>1951.17</ele>
   </trkpt>
   <trkpt lat="42.15738" lon="13.35927">
    <ele>1944.44</ele>
   </trkpt>
   <trkpt lat="42.15737" lon="13.3595">
    <ele>1943.2600000000002</ele>
   </trkpt>
   <trkpt lat="42.15728" lon="13.359570000000001">
    <ele>1943.2600000000002</ele>
   </trkpt>
   <trkpt lat="42.157210000000006" lon="13.3594">
    <ele>1936.94</ele>
   </trkpt>
   <trkpt lat="42.157050000000005" lon="13.359090000000002">
    <ele>1927.65</ele>
   </trkpt>
   <trkpt lat="42.15682" lon="13.358490000000002">
    <ele>1917.8700000000001</ele>
   </trkpt>
   <trkpt lat="42.156760000000006" lon="13.35828">
    <ele>1915.69</ele>
   </trkpt>
   <trkpt lat="42.15664" lon="13.35809">
    <ele>1914.3700000000001</ele>
   </trkpt>
   <trkpt lat="42.15655" lon="13.358010000000002">
    <ele>1914.3700000000001</ele>
   </trkpt>
   <trkpt lat="42.15644" lon="13.357750000000001">
    <ele>1909.6800000000003</ele>
   </trkpt>
   <trkpt lat="42.15632" lon="13.357610000000001">
    <ele>1905.69</ele>
   </trkpt>
   <trkpt lat="42.156180000000006" lon="13.357410000000002">
    <ele>1902.92</ele>
   </trkpt>
   <trkpt lat="42.156110000000005" lon="13.357370000000001">
    <ele>1901.76</ele>
   </trkpt>
   <trkpt lat="42.156090000000006" lon="13.3573">
    <ele>1899.0700000000002</ele>
   </trkpt>
   <trkpt lat="42.15605" lon="13.357270000000002">
    <ele>1898.0500000000002</ele>
   </trkpt>
   <trkpt lat="42.156040000000004" lon="13.357270000000002">
    <ele>1898.0500000000002</ele>
   </trkpt>
   <trkpt lat="42.155930000000005" lon="13.35729">
    <ele>1894.5500000000002</ele>
   </trkpt>
   <trkpt lat="42.15581" lon="13.35725">
    <ele>1891.3400000000001</ele>
   </trkpt>
   <trkpt lat="42.15579" lon="13.357270000000002">
    <ele>1891.3400000000001</ele>
   </trkpt>
   <trkpt lat="42.15579" lon="13.357470000000001">
    <ele>1882.94</ele>
   </trkpt>
   <trkpt lat="42.1557" lon="13.357500000000002">
    <ele>1879.79</ele>
   </trkpt>
   <trkpt lat="42.155590000000004" lon="13.357420000000001">
    <ele>1875.21</ele>
   </trkpt>
   <trkpt lat="42.155530000000006" lon="13.357420000000001">
    <ele>1872.06</ele>
   </trkpt>
   <trkpt lat="42.155480000000004" lon="13.357370000000001">
    <ele>1872.06</ele>
   </trkpt>
   <trkpt lat="42.15542000000001" lon="13.35735">
    <ele>1872.06</ele>
   </trkpt>
   <trkpt lat="42.15538" lon="13.35729">
    <ele>1865.9200000000003</ele>
   </trkpt>
   <trkpt lat="42.15531" lon="13.357280000000001">
    <ele>1865.9200000000003</ele>
   </trkpt>
   <trkpt lat="42.15529" lon="13.35743">
    <ele>1862.7700000000002</ele>
   </trkpt>
   <trkpt lat="42.15522" lon="13.357550000000002">
    <ele>1854.45</ele>
   </trkpt>
   <trkpt lat="42.1552" lon="13.35781">
    <ele>1848.27</ele>
   </trkpt>
   <trkpt lat="42.155260000000006" lon="13.358310000000001">
    <ele>1840.2800000000002</ele>
   </trkpt>
   <trkpt lat="42.15516" lon="13.358360000000001">
    <ele>1834.2</ele>
   </trkpt>
   <trkpt lat="42.15518" lon="13.35843">
    <ele>1834.2</ele>
   </trkpt>
   <trkpt lat="42.15523" lon="13.358450000000001">
    <ele>1834.2</ele>
   </trkpt>
   <trkpt lat="42.15525" lon="13.35852">
    <ele>1830.6100000000001</ele>
   </trkpt>
   <trkpt lat="42.15523" lon="13.358530000000002">
    <ele>1830.6100000000001</ele>
   </trkpt>
   <trkpt lat="42.15516" lon="13.358770000000002">
    <ele>1823.9900000000002</ele>
   </trkpt>
   <trkpt lat="42.15523" lon="13.35899">
    <ele>1821.43</ele>
   </trkpt>
   <trkpt lat="42.155210000000004" lon="13.359020000000001">
    <ele>1821.43</ele>
   </trkpt>
   <trkpt lat="42.15518" lon="13.359160000000001">
    <ele>1816.6400000000003</ele>
   </trkpt>
   <trkpt lat="42.155120000000004" lon="13.35912">
    <ele>1814.13</ele>
   </trkpt>
   <trkpt lat="42.15505" lon="13.35904">
    <ele>1814.13</ele>
   </trkpt>
   <trkpt lat="42.155030000000004" lon="13.359060000000001">
    <ele>1814.13</ele>
   </trkpt>
   <trkpt lat="42.154900000000005" lon="13.35898">
    <ele>1807.63</ele>
   </trkpt>
   <trkpt lat="42.15487" lon="13.35903">
    <ele>1807.63</ele>
   </trkpt>
   <trkpt lat="42.15485" lon="13.359010000000001">
    <ele>1807.63</ele>
   </trkpt>
   <trkpt lat="42.154810000000005" lon="13.35903">
    <ele>1800.8100000000002</ele>
   </trkpt>
   <trkpt lat="42.1548" lon="13.359100000000002">
    <ele>1800.8100000000002</ele>
   </trkpt>
   <trkpt lat="42.15475" lon="13.359110000000001">
    <ele>1800.8100000000002</ele>
   </trkpt>
   <trkpt lat="42.154090000000004" lon="13.358810000000002">
    <ele>1782.2000000000003</ele>
   </trkpt>
   <trkpt lat="42.15397" lon="13.358820000000001">
    <ele>1779.44</ele>
   </trkpt>
   <trkpt lat="42.153890000000004" lon="13.35879">
    <ele>1778.63</ele>
   </trkpt>
   <trkpt lat="42.15372000000001" lon="13.358820000000001">
    <ele>1775.8600000000001</ele>
   </trkpt>
   <trkpt lat="42.153380000000006" lon="13.35866">
    <ele>1770.0700000000002</ele>
   </trkpt>
   <trkpt lat="42.15334" lon="13.358680000000001">
    <ele>1769.0</ele>
   </trkpt>
   <trkpt lat="42.1533" lon="13.358730000000001">
    <ele>1769.0</ele>
   </trkpt>
   <trkpt lat="42.153220000000005" lon="13.358740000000001">
    <ele>1762.0800000000002</ele>
   </trkpt>
   <trkpt lat="42.1531" lon="13.35856">
    <ele>1762.0800000000002</ele>
   </trkpt>
   <trkpt lat="42.152950000000004" lon="13.358540000000001">
    <ele>1757.5800000000002</ele>
   </trkpt>
   <trkpt lat="42.152890000000006" lon="13.358600000000001">
    <ele>1754.0800000000002</ele>
   </trkpt>
   <trkpt lat="42.152840000000005" lon="13.358690000000001">
    <ele>1752.9800000000002</ele>
   </trkpt>
   <trkpt lat="42.15278" lon="13.35871">
    <ele>1751.99</ele>
   </trkpt>
   <trkpt lat="42.152680000000004" lon="13.35866">
    <ele>1749.77</ele>
   </trkpt>
   <trkpt lat="42.1525" lon="13.3587">
    <ele>1747.33</ele>
   </trkpt>
   <trkpt lat="42.15247" lon="13.358680000000001">
    <ele>1746.5000000000002</ele>
   </trkpt>
   <trkpt lat="42.1524" lon="13.358680000000001">
    <ele>1745.54</ele>
   </trkpt>
   <trkpt lat="42.152260000000005" lon="13.358640000000001">
    <ele>1740.89</ele>
   </trkpt>
   <trkpt lat="42.152170000000005" lon="13.35857">
    <ele>1738.22</ele>
   </trkpt>
   <trkpt lat="42.15213000000001" lon="13.35856">
    <ele>1738.22</ele>
   </trkpt>
   <trkpt lat="42.152120000000004" lon="13.35852">
    <ele>1735.3100000000002</ele>
   </trkpt>
   <trkpt lat="42.15209" lon="13.35852">
    <ele>1735.3100000000002</ele>
   </trkpt>
   <trkpt lat="42.15203" lon="13.35847">
    <ele>1735.3100000000002</ele>
   </trkpt>
   <trkpt lat="42.15191" lon="13.358450000000001">
    <ele>1727.8000000000002</ele>
   </trkpt>
   <trkpt lat="42.15187" lon="13.358410000000001">
    <ele>1727.8000000000002</ele>
   </trkpt>
   <trkpt lat="42.151720000000005" lon="13.35847">
    <ele>1723.1600000000003</ele>
   </trkpt>
   <trkpt lat="42.15162" lon="13.358410000000001">
    <ele>1716.5800000000002</ele>
   </trkpt>
   <trkpt lat="42.151500000000006" lon="13.35837">
    <ele>1713.4900000000002</ele>
   </trkpt>
   <trkpt lat="42.15146" lon="13.358390000000002">
    <ele>1710.83</ele>
   </trkpt>
   <trkpt lat="42.15142" lon="13.35838">
    <ele>1710.83</ele>
   </trkpt>
   <trkpt lat="42.151410000000006" lon="13.35833">
    <ele>1709.3</ele>
   </trkpt>
   <trkpt lat="42.15137" lon="13.358310000000001">
    <ele>1708.0300000000002</ele>
   </trkpt>
   <trkpt lat="42.151320000000005" lon="13.35832">
    <ele>1708.0300000000002</ele>
   </trkpt>
   <trkpt lat="42.1512" lon="13.35819">
    <ele>1703.5600000000002</ele>
   </trkpt>
   <trkpt lat="42.15113" lon="13.35819">
    <ele>1700.5700000000002</ele>
   </trkpt>
   <trkpt lat="42.15113" lon="13.358150000000002">
    <ele>1700.5700000000002</ele>
   </trkpt>
   <trkpt lat="42.15108" lon="13.358110000000002">
    <ele>1699.54</ele>
   </trkpt>
   <trkpt lat="42.15097" lon="13.35809">
    <ele>1696.39</ele>
   </trkpt>
   <trkpt lat="42.150940000000006" lon="13.35805">
    <ele>1696.39</ele>
   </trkpt>
   <trkpt lat="42.15084" lon="13.358">
    <ele>1694.22</ele>
   </trkpt>
   <trkpt lat="42.1509" lon="13.357920000000002">
    <ele>1691.8600000000001</ele>
   </trkpt>
   <trkpt lat="42.150940000000006" lon="13.357930000000001">
    <ele>1691.8600000000001</ele>
   </trkpt>
   <trkpt lat="42.150980000000004" lon="13.357890000000001">
    <ele>1688.13</ele>
   </trkpt>
   <trkpt lat="42.15109" lon="13.35772">
    <ele>1684.1100000000001</ele>
   </trkpt>
   <trkpt lat="42.151030000000006" lon="13.357690000000002">
    <ele>1684.1100000000001</ele>
   </trkpt>
   <trkpt lat="42.15099" lon="13.357690000000002">
    <ele>1678.4500000000003</ele>
   </trkpt>
   <trkpt lat="42.150960000000005" lon="13.357650000000001">
    <ele>1678.4500000000003</ele>
   </trkpt>
   <trkpt lat="42.150830000000006" lon="13.357550000000002">
    <ele>1675.4700000000003</ele>
   </trkpt>
   <trkpt lat="42.15062" lon="13.357460000000001">
    <ele>1667.61</ele>
   </trkpt>
   <trkpt lat="42.15054000000001" lon="13.35739">
    <ele>1663.31</ele>
   </trkpt>
   <trkpt lat="42.15041" lon="13.357370000000001">
    <ele>1660.68</ele>
   </trkpt>
   <trkpt lat="42.1503" lon="13.357310000000002">
    <ele>1656.98</ele>
   </trkpt>
   <trkpt lat="42.1499" lon="13.357030000000002">
    <ele>1646.8400000000001</ele>
   </trkpt>
   <trkpt lat="42.149860000000004" lon="13.357030000000002">
    <ele>1637.9</ele>
   </trkpt>
   <trkpt lat="42.14983" lon="13.356980000000002">
    <ele>1637.9</ele>
   </trkpt>
   <trkpt lat="42.1497" lon="13.35688">
    <ele>1635.04</ele>
   </trkpt>
   <trkpt lat="42.149350000000005" lon="13.356760000000001">
    <ele>1625.94</ele>
   </trkpt>
   <trkpt lat="42.14927" lon="13.35678">
    <ele>1623.5700000000002</ele>
   </trkpt>
   <trkpt lat="42.149210000000004" lon="13.35668">
    <ele>1620.66</ele>
   </trkpt>
   <trkpt lat="42.14916" lon="13.35669">
    <ele>1618.99</ele>
   </trkpt>
   <trkpt lat="42.149100000000004" lon="13.3566">
    <ele>1617.22</ele>
   </trkpt>
   <trkpt lat="42.149080000000005" lon="13.35654">
    <ele>1617.22</ele>
   </trkpt>
   <trkpt lat="42.14904000000001" lon="13.35654">
    <ele>1609.7100000000003</ele>
   </trkpt>
   <trkpt lat="42.14903" lon="13.3565">
    <ele>1609.7100000000003</ele>
   </trkpt>
   <trkpt lat="42.14876" lon="13.356330000000002">
    <ele>1599.52</ele>
   </trkpt>
   <trkpt lat="42.14871" lon="13.35621">
    <ele>1594.41</ele>
   </trkpt>
   <trkpt lat="42.148610000000005" lon="13.356180000000002">
    <ele>1591.08</ele>
   </trkpt>
   <trkpt lat="42.14853" lon="13.356100000000001">
    <ele>1586.24</ele>
   </trkpt>
   <trkpt lat="42.14849" lon="13.356110000000001">
    <ele>1586.24</ele>
   </trkpt>
   <trkpt lat="42.14835" lon="13.356020000000001">
    <ele>1580.2</ele>
   </trkpt>
   <trkpt lat="42.14831" lon="13.35603">
    <ele>1580.2</ele>
   </trkpt>
   <trkpt lat="42.148300000000006" lon="13.35599">
    <ele>1580.2</ele>
   </trkpt>
   <trkpt lat="42.14819000000001" lon="13.35599">
    <ele>1574.5500000000002</ele>
   </trkpt>
   <trkpt lat="42.14806" lon="13.35594">
    <ele>1571.6200000000001</ele>
   </trkpt>
   <trkpt lat="42.148030000000006" lon="13.355910000000002">
    <ele>1568.5300000000002</ele>
   </trkpt>
   <trkpt lat="42.147940000000006" lon="13.355900000000002">
    <ele>1568.5300000000002</ele>
   </trkpt>
   <trkpt lat="42.14793" lon="13.355860000000002">
    <ele>1568.5300000000002</ele>
   </trkpt>
   <trkpt lat="42.147980000000004" lon="13.355830000000001">
    <ele>1562.14</ele>
   </trkpt>
   <trkpt lat="42.147980000000004" lon="13.35579">
    <ele>1562.14</ele>
   </trkpt>
   <trkpt lat="42.147960000000005" lon="13.355770000000001">
    <ele>1562.14</ele>
   </trkpt>
   <trkpt lat="42.14777" lon="13.35575">
    <ele>1556.2600000000002</ele>
   </trkpt>
   <trkpt lat="42.14763000000001" lon="13.355670000000002">
    <ele>1545.16</ele>
   </trkpt>
   <trkpt lat="42.14755" lon="13.355670000000002">
    <ele>1545.16</ele>
   </trkpt>
   <trkpt lat="42.147490000000005" lon="13.355640000000001">
    <ele>1545.16</ele>
   </trkpt>
   <trkpt lat="42.14748" lon="13.35561">
    <ele>1545.16</ele>
   </trkpt>
   <trkpt lat="42.14755" lon="13.35556">
    <ele>1545.16</ele>
   </trkpt>
   <trkpt lat="42.147510000000004" lon="13.35546">
    <ele>1537.89</ele>
   </trkpt>
   <trkpt lat="42.147420000000004" lon="13.355440000000002">
    <ele>1537.89</ele>
   </trkpt>
   <trkpt lat="42.147380000000005" lon="13.355410000000001">
    <ele>1537.89</ele>
   </trkpt>
   <trkpt lat="42.14723" lon="13.355360000000001">
    <ele>1530.48</ele>
   </trkpt>
   <trkpt lat="42.14712" lon="13.355350000000001">
    <ele>1527.7600000000002</ele>
   </trkpt>
   <trkpt lat="42.14717" lon="13.355290000000002">
    <ele>1525.2800000000002</ele>
   </trkpt>
   <trkpt lat="42.14723" lon="13.35527">
    <ele>1524.1100000000001</ele>
   </trkpt>
   <trkpt lat="42.147290000000005" lon="13.35519">
    <ele>1521.95</ele>
   </trkpt>
   <trkpt lat="42.147330000000004" lon="13.35518">
    <ele>1519.98</ele>
   </trkpt>
   <trkpt lat="42.147330000000004" lon="13.35513">
    <ele>1519.98</ele>
   </trkpt>
   <trkpt lat="42.147360000000006" lon="13.35509">
    <ele>1518.94</ele>
   </trkpt>
   <trkpt lat="42.146840000000005" lon="13.354980000000001">
    <ele>1501.64</ele>
   </trkpt>
   <trkpt lat="42.14681" lon="13.355">
    <ele>1501.64</ele>
   </trkpt>
   <trkpt lat="42.146770000000004" lon="13.354980000000001">
    <ele>1501.64</ele>
   </trkpt>
   <trkpt lat="42.14667" lon="13.354980000000001">
    <ele>1499.03</ele>
   </trkpt>
   <trkpt lat="42.14656" lon="13.355">
    <ele>1496.5700000000002</ele>
   </trkpt>
   <trkpt lat="42.1465" lon="13.354980000000001">
    <ele>1492.99</ele>
   </trkpt>
   <trkpt lat="42.14656" lon="13.35486">
    <ele>1488.8000000000002</ele>
   </trkpt>
   <trkpt lat="42.146750000000004" lon="13.354600000000001">
    <ele>1484.3500000000001</ele>
   </trkpt>
   <trkpt lat="42.14685" lon="13.354540000000002">
    <ele>1481.18</ele>
   </trkpt>
   <trkpt lat="42.146950000000004" lon="13.35438">
    <ele>1475.67</ele>
   </trkpt>
   <trkpt lat="42.14701" lon="13.35434">
    <ele>1475.67</ele>
   </trkpt>
   <trkpt lat="42.14707000000001" lon="13.354260000000002">
    <ele>1474.7</ele>
   </trkpt>
   <trkpt lat="42.1471" lon="13.354180000000001">
    <ele>1472.6000000000001</ele>
   </trkpt>
   <trkpt lat="42.14716000000001" lon="13.35415">
    <ele>1470.3100000000002</ele>
   </trkpt>
   <trkpt lat="42.14716000000001" lon="13.354130000000001">
    <ele>1470.3100000000002</ele>
   </trkpt>
   <trkpt lat="42.147090000000006" lon="13.354070000000002">
    <ele>1470.3100000000002</ele>
   </trkpt>
   <trkpt lat="42.14697" lon="13.35406">
    <ele>1465.3600000000001</ele>
   </trkpt>
   <trkpt lat="42.14692" lon="13.35402">
    <ele>1462.9500000000003</ele>
   </trkpt>
   <trkpt lat="42.14685" lon="13.354030000000002">
    <ele>1462.9500000000003</ele>
   </trkpt>
   <trkpt lat="42.14681" lon="13.35406">
    <ele>1462.9500000000003</ele>
   </trkpt>
   <trkpt lat="42.1467" lon="13.35406">
    <ele>1453.7700000000002</ele>
   </trkpt>
   <trkpt lat="42.14665" lon="13.3541">
    <ele>1453.7700000000002</ele>
   </trkpt>
   <trkpt lat="42.14652" lon="13.354030000000002">
    <ele>1453.7700000000002</ele>
   </trkpt>
   <trkpt lat="42.146440000000005" lon="13.354080000000002">
    <ele>1447.75</ele>
   </trkpt>
   <trkpt lat="42.146350000000005" lon="13.35401">
    <ele>1447.75</ele>
   </trkpt>
   <trkpt lat="42.146280000000004" lon="13.35402">
    <ele>1445.0900000000001</ele>
   </trkpt>
   <trkpt lat="42.146260000000005" lon="13.354000000000001">
    <ele>1445.0900000000001</ele>
   </trkpt>
   <trkpt lat="42.14627" lon="13.353950000000001">
    <ele>1443.65</ele>
   </trkpt>
   <trkpt lat="42.146350000000005" lon="13.35382">
    <ele>1439.21</ele>
   </trkpt>
   <trkpt lat="42.14647" lon="13.353710000000001">
    <ele>1435.65</ele>
   </trkpt>
   <trkpt lat="42.146530000000006" lon="13.3535">
    <ele>1431.66</ele>
   </trkpt>
   <trkpt lat="42.14658" lon="13.35344">
    <ele>1430.56</ele>
   </trkpt>
   <trkpt lat="42.146570000000004" lon="13.35341">
    <ele>1430.56</ele>
   </trkpt>
   <trkpt lat="42.146510000000006" lon="13.3534">
    <ele>1428.23</ele>
   </trkpt>
   <trkpt lat="42.146510000000006" lon="13.353370000000002">
    <ele>1428.23</ele>
   </trkpt>
   <trkpt lat="42.14659" lon="13.35322">
    <ele>1423.3200000000002</ele>
   </trkpt>
   <trkpt lat="42.146480000000004" lon="13.35316">
    <ele>1420.74</ele>
   </trkpt>
   <trkpt lat="42.146440000000005" lon="13.353180000000002">
    <ele>1420.74</ele>
   </trkpt>
   <trkpt lat="42.146350000000005" lon="13.353150000000001">
    <ele>1420.74</ele>
   </trkpt>
   <trkpt lat="42.146300000000004" lon="13.35321">
    <ele>1408.32</ele>
   </trkpt>
   <trkpt lat="42.146260000000005" lon="13.35321">
    <ele>1408.32</ele>
   </trkpt>
   <trkpt lat="42.146260000000005" lon="13.353140000000002">
    <ele>1408.32</ele>
   </trkpt>
   <trkpt lat="42.14631000000001" lon="13.352950000000002">
    <ele>1405.75</ele>
   </trkpt>
   <trkpt lat="42.146330000000006" lon="13.352910000000001">
    <ele>1405.75</ele>
   </trkpt>
   <trkpt lat="42.146370000000005" lon="13.35288">
    <ele>1403.3500000000001</ele>
   </trkpt>
   <trkpt lat="42.146370000000005" lon="13.352820000000001">
    <ele>1403.3500000000001</ele>
   </trkpt>
   <trkpt lat="42.146170000000005" lon="13.35284">
    <ele>1399.13</ele>
   </trkpt>
   <trkpt lat="42.14612" lon="13.35283">
    <ele>1399.13</ele>
   </trkpt>
   <trkpt lat="42.146080000000005" lon="13.35289">
    <ele>1395.46</ele>
   </trkpt>
   <trkpt lat="42.146010000000004" lon="13.352920000000001">
    <ele>1394.4500000000003</ele>
   </trkpt>
   <trkpt lat="42.145990000000005" lon="13.352910000000001">
    <ele>1394.4500000000003</ele>
   </trkpt>
   <trkpt lat="42.14598" lon="13.352860000000002">
    <ele>1393.34</ele>
   </trkpt>
   <trkpt lat="42.14593000000001" lon="13.352860000000002">
    <ele>1393.34</ele>
   </trkpt>
   <trkpt lat="42.145880000000005" lon="13.35289">
    <ele>1388.5500000000002</ele>
   </trkpt>
   <trkpt lat="42.14585" lon="13.352870000000001">
    <ele>1388.5500000000002</ele>
   </trkpt>
   <trkpt lat="42.14591" lon="13.35269">
    <ele>1384.74</ele>
   </trkpt>
   <trkpt lat="42.14587" lon="13.352710000000002">
    <ele>1384.74</ele>
   </trkpt>
   <trkpt lat="42.145790000000005" lon="13.3527">
    <ele>1382.0100000000002</ele>
   </trkpt>
   <trkpt lat="42.145790000000005" lon="13.3526">
    <ele>1377.7100000000003</ele>
   </trkpt>
   <trkpt lat="42.14575000000001" lon="13.352540000000001">
    <ele>1377.7100000000003</ele>
   </trkpt>
   <trkpt lat="42.145770000000006" lon="13.352520000000002">
    <ele>1376.33</ele>
   </trkpt>
   <trkpt lat="42.14584000000001" lon="13.352310000000001">
    <ele>1371.42</ele>
   </trkpt>
   <trkpt lat="42.145880000000005" lon="13.352250000000002">
    <ele>1368.94</ele>
   </trkpt>
   <trkpt lat="42.14594" lon="13.35227">
    <ele>1368.94</ele>
   </trkpt>
   <trkpt lat="42.146010000000004" lon="13.35222">
    <ele>1364.0800000000002</ele>
   </trkpt>
   <trkpt lat="42.146040000000006" lon="13.352050000000002">
    <ele>1361.07</ele>
   </trkpt>
   <trkpt lat="42.146170000000005" lon="13.352100000000002">
    <ele>1356.8</ele>
   </trkpt>
   <trkpt lat="42.14625" lon="13.352100000000002">
    <ele>1355.22</ele>
   </trkpt>
   <trkpt lat="42.146280000000004" lon="13.352060000000002">
    <ele>1355.22</ele>
   </trkpt>
   <trkpt lat="42.146260000000005" lon="13.351960000000002">
    <ele>1345.3600000000001</ele>
   </trkpt>
   <trkpt lat="42.14618" lon="13.35186">
    <ele>1345.3600000000001</ele>
   </trkpt>
   <trkpt lat="42.14616" lon="13.351790000000001">
    <ele>1342.2500000000002</ele>
   </trkpt>
   <trkpt lat="42.14611" lon="13.351750000000001">
    <ele>1342.2500000000002</ele>
   </trkpt>
   <trkpt lat="42.145970000000005" lon="13.35139">
    <ele>1335.5800000000002</ele>
   </trkpt>
   <trkpt lat="42.14589" lon="13.351230000000001">
    <ele>1334.48</ele>
   </trkpt>
   <trkpt lat="42.145770000000006" lon="13.350810000000001">
    <ele>1331.3000000000002</ele>
   </trkpt>
   <trkpt lat="42.14576" lon="13.350700000000002">
    <ele>1330.51</ele>
   </trkpt>
   <trkpt lat="42.145810000000004" lon="13.350470000000001">
    <ele>1329.0000000000002</ele>
   </trkpt>
   <trkpt lat="42.1462" lon="13.349860000000001">
    <ele>1324.24</ele>
   </trkpt>
   <trkpt lat="42.1465" lon="13.348970000000001">
    <ele>1312.21</ele>
   </trkpt>
   <trkpt lat="42.14660000000001" lon="13.348860000000002">
    <ele>1311.43</ele>
   </trkpt>
   <trkpt lat="42.14668" lon="13.348650000000001">
    <ele>1309.76</ele>
   </trkpt>
   <trkpt lat="42.14674" lon="13.34856">
    <ele>1309.28</ele>
   </trkpt>
   <trkpt lat="42.14674" lon="13.348500000000001">
    <ele>1307.69</ele>
   </trkpt>
   <trkpt lat="42.146860000000004" lon="13.34829">
    <ele>1306.74</ele>
   </trkpt>
   <trkpt lat="42.146950000000004" lon="13.34806">
    <ele>1305.71</ele>
   </trkpt>
   <trkpt lat="42.147130000000004" lon="13.347480000000001">
    <ele>1301.94</ele>
   </trkpt>
   <trkpt lat="42.14743" lon="13.34698">
    <ele>1300.51</ele>
   </trkpt>
   <trkpt lat="42.147490000000005" lon="13.346910000000001">
    <ele>1300.66</ele>
   </trkpt>
   <trkpt lat="42.14755" lon="13.34678">
    <ele>1300.84</ele>
   </trkpt>
   <trkpt lat="42.14764" lon="13.346680000000001">
    <ele>1301.8100000000002</ele>
   </trkpt>
   <trkpt lat="42.147740000000006" lon="13.346520000000002">
    <ele>1302.3600000000001</ele>
   </trkpt>
   <trkpt lat="42.14788" lon="13.346380000000002">
    <ele>1301.8500000000001</ele>
   </trkpt>
   <trkpt lat="42.1479" lon="13.346290000000002">
    <ele>1301.2400000000002</ele>
   </trkpt>
   <trkpt lat="42.14795" lon="13.346190000000002">
    <ele>1298.7600000000002</ele>
   </trkpt>
   <trkpt lat="42.14793" lon="13.346050000000002">
    <ele>1297.2700000000002</ele>
   </trkpt>
   <trkpt lat="42.147940000000006" lon="13.345920000000001">
    <ele>1296.2600000000002</ele>
   </trkpt>
   <trkpt lat="42.147980000000004" lon="13.345830000000001">
    <ele>1295.88</ele>
   </trkpt>
   <trkpt lat="42.14797" lon="13.345690000000001">
    <ele>1294.21</ele>
   </trkpt>
   <trkpt lat="42.148" lon="13.34561">
    <ele>1294.21</ele>
   </trkpt>
   <trkpt lat="42.148" lon="13.345490000000002">
    <ele>1293.38</ele>
   </trkpt>
   <trkpt lat="42.148030000000006" lon="13.34533">
    <ele>1292.1299999999999</ele>
   </trkpt>
   <trkpt lat="42.148010000000006" lon="13.345210000000002">
    <ele>1291.3100000000002</ele>
   </trkpt>
   <trkpt lat="42.147980000000004" lon="13.345180000000001">
    <ele>1287.53</ele>
   </trkpt>
   <trkpt lat="42.14799" lon="13.345130000000001">
    <ele>1287.53</ele>
   </trkpt>
   <trkpt lat="42.14808" lon="13.345040000000001">
    <ele>1285.8400000000001</ele>
   </trkpt>
   <trkpt lat="42.14808" lon="13.344830000000002">
    <ele>1283.49</ele>
   </trkpt>
   <trkpt lat="42.14813" lon="13.344800000000001">
    <ele>1281.7800000000002</ele>
   </trkpt>
   <trkpt lat="42.14828000000001" lon="13.344650000000001">
    <ele>1280.4</ele>
   </trkpt>
   <trkpt lat="42.148300000000006" lon="13.344600000000002">
    <ele>1280.5600000000002</ele>
   </trkpt>
   <trkpt lat="42.14819000000001" lon="13.34439">
    <ele>1283.49</ele>
   </trkpt>
   <trkpt lat="42.148230000000005" lon="13.344230000000001">
    <ele>1284.19</ele>
   </trkpt>
   <trkpt lat="42.148210000000006" lon="13.34415">
    <ele>1284.41</ele>
   </trkpt>
   <trkpt lat="42.14824" lon="13.34369">
    <ele>1287.5</ele>
   </trkpt>
   <trkpt lat="42.1482" lon="13.343480000000001">
    <ele>1288.19</ele>
   </trkpt>
   <trkpt lat="42.14824" lon="13.34326">
    <ele>1286.72</ele>
   </trkpt>
   <trkpt lat="42.148230000000005" lon="13.343050000000002">
    <ele>1283.23</ele>
   </trkpt>
   <trkpt lat="42.14833" lon="13.34247">
    <ele>1278.34</ele>
   </trkpt>
   <trkpt lat="42.148480000000006" lon="13.341980000000001">
    <ele>1270.1</ele>
   </trkpt>
   <trkpt lat="42.14849" lon="13.3419">
    <ele>1270.1</ele>
   </trkpt>
   <trkpt lat="42.14867" lon="13.341540000000002">
    <ele>1265.6200000000001</ele>
   </trkpt>
   <trkpt lat="42.14869" lon="13.34143">
    <ele>1263.8200000000002</ele>
   </trkpt>
   <trkpt lat="42.14876" lon="13.34134">
    <ele>1260.61</ele>
   </trkpt>
   <trkpt lat="42.14865" lon="13.340940000000002">
    <ele>1255.0</ele>
   </trkpt>
   <trkpt lat="42.148750001535824" lon="13.34034500094744">
    <ele>1246.1200000000001</ele>
   </trkpt>
   <trkpt lat="42.14885" lon="13.33975">
    <ele>1242.82</ele>
   </trkpt>
   <trkpt lat="42.14885" lon="13.339550000000001">
    <ele>1239.73</ele>
   </trkpt>
   <trkpt lat="42.148830000000004" lon="13.339200000000002">
    <ele>1236.2300000000002</ele>
   </trkpt>
   <trkpt lat="42.149010001334844" lon="13.338630001860828">
    <ele>1228.3300000000002</ele>
   </trkpt>
   <trkpt lat="42.149190000000004" lon="13.33806">
    <ele>1221.7600000000002</ele>
   </trkpt>
   <trkpt lat="42.149190000000004" lon="13.337980000000002">
    <ele>1221.36</ele>
   </trkpt>
   <trkpt lat="42.149190000000004" lon="13.33797">
    <ele>1221.53</ele>
   </trkpt>
   <trkpt lat="42.149210000000004" lon="13.33782">
    <ele>1220.1200000000001</ele>
   </trkpt>
   <trkpt lat="42.14922000000001" lon="13.33769">
    <ele>1219.8600000000001</ele>
   </trkpt>
   <trkpt lat="42.14923" lon="13.33741">
    <ele>1219.7900000000002</ele>
   </trkpt>
   <trkpt lat="42.14891" lon="13.337520000000001">
    <ele>1217.6100000000001</ele>
   </trkpt>
   <trkpt lat="42.14875000000001" lon="13.337600000000002">
    <ele>1217.6100000000001</ele>
   </trkpt>
   <trkpt lat="42.148390000000006" lon="13.33777">
    <ele>1214.5</ele>
   </trkpt>
   <trkpt lat="42.148160000000004" lon="13.337940000000001">
    <ele>1212.3799999999999</ele>
   </trkpt>
   <trkpt lat="42.14761" lon="13.338230000000001">
    <ele>1206.52</ele>
   </trkpt>
   <trkpt lat="42.14743" lon="13.33852">
    <ele>1204.5400000000002</ele>
   </trkpt>
   <trkpt lat="42.147330000000004" lon="13.33877">
    <ele>1203.0500000000002</ele>
   </trkpt>
   <trkpt lat="42.14707000000001" lon="13.338890000000001">
    <ele>1200.3700000000001</ele>
   </trkpt>
   <trkpt lat="42.14685" lon="13.33914">
    <ele>1199.0</ele>
   </trkpt>
   <trkpt lat="42.14659" lon="13.339360000000001">
    <ele>1190.53</ele>
   </trkpt>
   <trkpt lat="42.14627500114373" lon="13.339860002395298">
    <ele>1183.44</ele>
   </trkpt>
   <trkpt lat="42.14596" lon="13.34036">
    <ele>1175.7700000000002</ele>
   </trkpt>
   <trkpt lat="42.14574" lon="13.340930000000002">
    <ele>1169.15</ele>
   </trkpt>
   <trkpt lat="42.145480000000006" lon="13.341220000000002">
    <ele>1165.24</ele>
   </trkpt>
   <trkpt lat="42.14484" lon="13.34149">
    <ele>1157.93</ele>
   </trkpt>
   <trkpt lat="42.14443000000001" lon="13.341920000000002">
    <ele>1151.0</ele>
   </trkpt>
   <trkpt lat="42.14403" lon="13.34228">
    <ele>1147.45</ele>
   </trkpt>
   <trkpt lat="42.14388" lon="13.342340000000002">
    <ele>1146.02</ele>
   </trkpt>
   <trkpt lat="42.14363" lon="13.342550000000001">
    <ele>1142.47</ele>
   </trkpt>
   <trkpt lat="42.143280000000004" lon="13.342730000000001">
    <ele>1137.1200000000001</ele>
   </trkpt>
   <trkpt lat="42.142680000000006" lon="13.342960000000001">
    <ele>1125.66</ele>
   </trkpt>
   <trkpt lat="42.14235" lon="13.343140000000002">
    <ele>1120.7600000000002</ele>
   </trkpt>
   <trkpt lat="42.14217" lon="13.343190000000002">
    <ele>1120.7600000000002</ele>
   </trkpt>
   <trkpt lat="42.14182" lon="13.343210000000001">
    <ele>1115.14</ele>
   </trkpt>
   <trkpt lat="42.14119" lon="13.343340000000001">
    <ele>1105.3300000000002</ele>
   </trkpt>
   <trkpt lat="42.14097" lon="13.343340000000001">
    <ele>1102.95</ele>
   </trkpt>
   <trkpt lat="42.140440000000005" lon="13.343210000000001">
    <ele>1091.28</ele>
   </trkpt>
   <trkpt lat="42.140170000000005" lon="13.34308">
    <ele>1086.5</ele>
   </trkpt>
   <trkpt lat="42.14003" lon="13.342950000000002">
    <ele>1083.96</ele>
   </trkpt>
   <trkpt lat="42.13967" lon="13.342600000000001">
    <ele>1073.49</ele>
   </trkpt>
   <trkpt lat="42.139410000000005" lon="13.34223">
    <ele>1065.8400000000001</ele>
   </trkpt>
   <trkpt lat="42.139030000000005" lon="13.3421">
    <ele>1060.5900000000001</ele>
   </trkpt>
   <trkpt lat="42.138600000000004" lon="13.34204">
    <ele>1053.0300000000002</ele>
   </trkpt>
   <trkpt lat="42.13797" lon="13.341600000000001">
    <ele>1042.7900000000002</ele>
   </trkpt>
   <trkpt lat="42.137840000000004" lon="13.341590000000002">
    <ele>1041.5700000000002</ele>
   </trkpt>
   <trkpt lat="42.137350000000005" lon="13.341640000000002">
    <ele>1035.47</ele>
   </trkpt>
   <trkpt lat="42.137040000000006" lon="13.34149">
    <ele>1035.47</ele>
   </trkpt>
   <trkpt lat="42.13647" lon="13.34073">
    <ele>1015.7700000000001</ele>
   </trkpt>
   <trkpt lat="42.13642" lon="13.340850000000001">
    <ele>1015.9900000000001</ele>
   </trkpt>
   <trkpt lat="42.136340000000004" lon="13.34092">
    <ele>1016.0500000000001</ele>
   </trkpt>
   <trkpt lat="42.136120000000005" lon="13.34143">
    <ele>1016.7600000000001</ele>
   </trkpt>
   <trkpt lat="42.13606" lon="13.34209">
    <ele>1017.6400000000001</ele>
   </trkpt>
   <trkpt lat="42.13606" lon="13.34251">
    <ele>1017.7400000000001</ele>
   </trkpt>
   <trkpt lat="42.13579" lon="13.343160000000001">
    <ele>1016.48</ele>
   </trkpt>
   <trkpt lat="42.1357" lon="13.3435">
    <ele>1016.5699999999999</ele>
   </trkpt>
   <trkpt lat="42.135690000000004" lon="13.34374">
    <ele>1016.37</ele>
   </trkpt>
   <trkpt lat="42.13566" lon="13.34393">
    <ele>1016.21</ele>
   </trkpt>
   <trkpt lat="42.13553" lon="13.34426">
    <ele>1015.29</ele>
   </trkpt>
   <trkpt lat="42.135400000000004" lon="13.34449">
    <ele>1014.1500000000001</ele>
   </trkpt>
   <trkpt lat="42.13526" lon="13.34462">
    <ele>1012.9400000000002</ele>
   </trkpt>
   <trkpt lat="42.13512" lon="13.344730000000002">
    <ele>1012.0200000000001</ele>
   </trkpt>
   <trkpt lat="42.134890000000006" lon="13.34509">
    <ele>1009.6800000000001</ele>
   </trkpt>
   <trkpt lat="42.13467000000001" lon="13.34528">
    <ele>1008.64</ele>
   </trkpt>
   <trkpt lat="42.13413333601111" lon="13.345836676113866">
    <ele>1005.2700000000001</ele>
   </trkpt>
   <trkpt lat="42.1335966693315" lon="13.346393342793828">
    <ele>1003.4500000000002</ele>
   </trkpt>
   <trkpt lat="42.13306" lon="13.346950000000001">
    <ele>1001.0400000000001</ele>
   </trkpt>
   <trkpt lat="42.13255" lon="13.346860000000001">
    <ele>994.38</ele>
   </trkpt>
   <trkpt lat="42.132400000000004" lon="13.34692">
    <ele>992.86</ele>
   </trkpt>
   <trkpt lat="42.1321" lon="13.3472">
    <ele>989.72</ele>
   </trkpt>
   <trkpt lat="42.131840000000004" lon="13.347510000000002">
    <ele>988.7900000000001</ele>
   </trkpt>
   <trkpt lat="42.13168" lon="13.347850000000001">
    <ele>988.13</ele>
   </trkpt>
   <trkpt lat="42.13168" lon="13.347840000000001">
    <ele>988.0500000000001</ele>
   </trkpt>
   <trkpt lat="42.13112" lon="13.348650000000001">
    <ele>984.1</ele>
   </trkpt>
   <trkpt lat="42.13109" lon="13.34889">
    <ele>982.84</ele>
   </trkpt>
   <trkpt lat="42.130950000000006" lon="13.34923">
    <ele>981.1700000000001</ele>
   </trkpt>
   <trkpt lat="42.13087" lon="13.34936">
    <ele>979.35</ele>
   </trkpt>
   <trkpt lat="42.13065" lon="13.34942">
    <ele>975.45</ele>
   </trkpt>
   <trkpt lat="42.13036" lon="13.349590000000001">
    <ele>971.8000000000001</ele>
   </trkpt>
   <trkpt lat="42.12973" lon="13.349820000000001">
    <ele>963.13</ele>
   </trkpt>
   <trkpt lat="42.129670000000004" lon="13.349820000000001">
    <ele>963.13</ele>
   </trkpt>
   <trkpt lat="42.12948" lon="13.34993">
    <ele>959.62</ele>
   </trkpt>
   <trkpt lat="42.129290000000005" lon="13.350080000000002">
    <ele>956.6300000000001</ele>
   </trkpt>
   <trkpt lat="42.12919" lon="13.350330000000001">
    <ele>954.2100000000002</ele>
   </trkpt>
   <trkpt lat="42.12892" lon="13.35025">
    <ele>948.88</ele>
   </trkpt>
   <trkpt lat="42.12859" lon="13.35026">
    <ele>944.1400000000001</ele>
   </trkpt>
   <trkpt lat="42.128490000000006" lon="13.3503">
    <ele>943.0</ele>
   </trkpt>
   <trkpt lat="42.128400000000006" lon="13.350420000000002">
    <ele>941.21</ele>
   </trkpt>
   <trkpt lat="42.12829000000001" lon="13.350650000000002">
    <ele>940.42</ele>
   </trkpt>
   <trkpt lat="42.128170000000004" lon="13.35101">
    <ele>936.69</ele>
   </trkpt>
   <trkpt lat="42.12812" lon="13.351030000000002">
    <ele>936.69</ele>
   </trkpt>
   <trkpt lat="42.12782000000001" lon="13.350950000000001">
    <ele>931.0100000000001</ele>
   </trkpt>
   <trkpt lat="42.12724" lon="13.351370000000001">
    <ele>938.34</ele>
   </trkpt>
   <trkpt lat="42.127230000000004" lon="13.35147">
    <ele>939.5000000000001</ele>
   </trkpt>
   <trkpt lat="42.127230000000004" lon="13.351460000000001">
    <ele>939.48</ele>
   </trkpt>
   <trkpt lat="42.127140000000004" lon="13.352450000000001">
    <ele>953.0</ele>
   </trkpt>
   <trkpt lat="42.127430000000004" lon="13.353090000000002">
    <ele>967.1400000000001</ele>
   </trkpt>
   <trkpt lat="42.127390000000005" lon="13.35336">
    <ele>968.9200000000001</ele>
   </trkpt>
   <trkpt lat="42.127500000000005" lon="13.35396">
    <ele>976.47</ele>
   </trkpt>
   <trkpt lat="42.127390000000005" lon="13.354370000000001">
    <ele>981.46</ele>
   </trkpt>
   <trkpt lat="42.12767" lon="13.355400000000001">
    <ele>994.6400000000001</ele>
   </trkpt>
   <trkpt lat="42.12798000178348" lon="13.356034996959997">
    <ele>1010.7399999999999</ele>
   </trkpt>
   <trkpt lat="42.12829000000001" lon="13.356670000000001">
    <ele>1021.0799999999999</ele>
   </trkpt>
   <trkpt lat="42.12836" lon="13.356980000000002">
    <ele>1027.6000000000001</ele>
   </trkpt>
   <trkpt lat="42.128440000000005" lon="13.35721">
    <ele>1029.93</ele>
   </trkpt>
   <trkpt lat="42.128420000000006" lon="13.35743">
    <ele>1040.89</ele>
   </trkpt>
   <trkpt lat="42.128460000000004" lon="13.35763">
    <ele>1040.89</ele>
   </trkpt>
   <trkpt lat="42.128710000000005" lon="13.35837">
    <ele>1056.8300000000002</ele>
   </trkpt>
   <trkpt lat="42.12876000000001" lon="13.358670000000002">
    <ele>1061.47</ele>
   </trkpt>
   <trkpt lat="42.12892" lon="13.359050000000002">
    <ele>1065.91</ele>
   </trkpt>
   <trkpt lat="42.12901" lon="13.35917">
    <ele>1071.62</ele>
   </trkpt>
   <trkpt lat="42.12919" lon="13.359300000000001">
    <ele>1075.7</ele>
   </trkpt>
   <trkpt lat="42.12941" lon="13.359300000000001">
    <ele>1080.16</ele>
   </trkpt>
   <trkpt lat="42.129580000000004" lon="13.35946">
    <ele>1083.66</ele>
   </trkpt>
   <trkpt lat="42.12997" lon="13.359950000000001">
    <ele>1100.43</ele>
   </trkpt>
   <trkpt lat="42.13" lon="13.360050000000001">
    <ele>1101.4400000000003</ele>
   </trkpt>
   <trkpt lat="42.13" lon="13.36012">
    <ele>1102.36</ele>
   </trkpt>
   <trkpt lat="42.12952000000001" lon="13.360280000000001">
    <ele>1107.6200000000001</ele>
   </trkpt>
   <trkpt lat="42.129450000000006" lon="13.36035">
    <ele>1107.6200000000001</ele>
   </trkpt>
   <trkpt lat="42.129360000000005" lon="13.36049">
    <ele>1109.25</ele>
   </trkpt>
   <trkpt lat="42.129340000000006" lon="13.360590000000002">
    <ele>1109.25</ele>
   </trkpt>
   <trkpt lat="42.129340000000006" lon="13.360740000000002">
    <ele>1110.14</ele>
   </trkpt>
   <trkpt lat="42.129310000000004" lon="13.360830000000002">
    <ele>1110.6200000000001</ele>
   </trkpt>
   <trkpt lat="42.128820000000005" lon="13.361390000000002">
    <ele>1111.5600000000002</ele>
   </trkpt>
   <trkpt lat="42.12877" lon="13.36142">
    <ele>1111.17</ele>
   </trkpt>
   <trkpt lat="42.12852" lon="13.36148">
    <ele>1111.18</ele>
   </trkpt>
   <trkpt lat="42.12843" lon="13.36156">
    <ele>1111.5400000000002</ele>
   </trkpt>
   <trkpt lat="42.12834" lon="13.361690000000001">
    <ele>1112.23</ele>
   </trkpt>
   <trkpt lat="42.12823" lon="13.36204">
    <ele>1113.97</ele>
   </trkpt>
   <trkpt lat="42.12814" lon="13.362140000000002">
    <ele>1114.3899999999999</ele>
   </trkpt>
   <trkpt lat="42.12805" lon="13.362190000000002">
    <ele>1114.47</ele>
   </trkpt>
   <trkpt lat="42.127810000000004" lon="13.362250000000001">
    <ele>1114.3899999999999</ele>
   </trkpt>
   <trkpt lat="42.12733" lon="13.362710000000002">
    <ele>1116.24</ele>
   </trkpt>
   <trkpt lat="42.12677" lon="13.363180000000002">
    <ele>1122.17</ele>
   </trkpt>
   <trkpt lat="42.12621" lon="13.36377">
    <ele>1127.1</ele>
   </trkpt>
   <trkpt lat="42.12621" lon="13.36378">
    <ele>1127.1200000000001</ele>
   </trkpt>
   <trkpt lat="42.12599" lon="13.364030000000001">
    <ele>1126.9900000000002</ele>
   </trkpt>
   <trkpt lat="42.12539" lon="13.364500000000001">
    <ele>1124.44</ele>
   </trkpt>
   <trkpt lat="42.1253" lon="13.36462">
    <ele>1124.44</ele>
   </trkpt>
   <trkpt lat="42.125130000000006" lon="13.3649">
    <ele>1123.2600000000002</ele>
   </trkpt>
   <trkpt lat="42.12503" lon="13.365160000000001">
    <ele>1121.89</ele>
   </trkpt>
   <trkpt lat="42.124950000000005" lon="13.36555">
    <ele>1120.0700000000002</ele>
   </trkpt>
   <trkpt lat="42.12491000000001" lon="13.36565">
    <ele>1118.68</ele>
   </trkpt>
   <trkpt lat="42.1248" lon="13.36583">
    <ele>1117.58</ele>
   </trkpt>
   <trkpt lat="42.12445" lon="13.36616">
    <ele>1113.65</ele>
   </trkpt>
   <trkpt lat="42.12407" lon="13.366380000000001">
    <ele>1108.8999999999999</ele>
   </trkpt>
   <trkpt lat="42.124010000000006" lon="13.36645">
    <ele>1107.76</ele>
   </trkpt>
   <trkpt lat="42.12391" lon="13.36678">
    <ele>1104.84</ele>
   </trkpt>
   <trkpt lat="42.12362" lon="13.36747">
    <ele>1099.67</ele>
   </trkpt>
   <trkpt lat="42.123520000000006" lon="13.36761">
    <ele>1098.71</ele>
   </trkpt>
   <trkpt lat="42.123380000000004" lon="13.36776">
    <ele>1095.95</ele>
   </trkpt>
   <trkpt lat="42.12272" lon="13.36837">
    <ele>1085.8000000000002</ele>
   </trkpt>
   <trkpt lat="42.12248" lon="13.368530000000002">
    <ele>1083.0900000000001</ele>
   </trkpt>
   <trkpt lat="42.122170000000004" lon="13.36869">
    <ele>1079.66</ele>
   </trkpt>
   <trkpt lat="42.12198" lon="13.36888">
    <ele>1077.88</ele>
   </trkpt>
   <trkpt lat="42.121900000000004" lon="13.36903">
    <ele>1077.25</ele>
   </trkpt>
   <trkpt lat="42.12156" lon="13.369480000000001">
    <ele>1073.05</ele>
   </trkpt>
   <trkpt lat="42.12136" lon="13.369700000000002">
    <ele>1069.94</ele>
   </trkpt>
   <trkpt lat="42.121140000000004" lon="13.37006">
    <ele>1065.1000000000001</ele>
   </trkpt>
   <trkpt lat="42.12102" lon="13.37044">
    <ele>1061.63</ele>
   </trkpt>
   <trkpt lat="42.12078" lon="13.371070000000001">
    <ele>1057.39</ele>
   </trkpt>
   <trkpt lat="42.120760000000004" lon="13.37124">
    <ele>1055.92</ele>
   </trkpt>
   <trkpt lat="42.12039" lon="13.371580000000002">
    <ele>1050.54</ele>
   </trkpt>
   <trkpt lat="42.1203" lon="13.371730000000001">
    <ele>1047.5</ele>
   </trkpt>
   <trkpt lat="42.12015" lon="13.371920000000001">
    <ele>1045.2100000000003</ele>
   </trkpt>
   <trkpt lat="42.11972" lon="13.372630000000001">
    <ele>1038.1299999999999</ele>
   </trkpt>
   <trkpt lat="42.119620000000005" lon="13.372850000000001">
    <ele>1039.0900000000001</ele>
   </trkpt>
   <trkpt lat="42.119620000000005" lon="13.372840000000002">
    <ele>1036.7</ele>
   </trkpt>
   <trkpt lat="42.11954" lon="13.373140000000001">
    <ele>1035.16</ele>
   </trkpt>
   <trkpt lat="42.119490000000006" lon="13.373520000000001">
    <ele>1032.2</ele>
   </trkpt>
   <trkpt lat="42.11943" lon="13.373750000000001">
    <ele>1031.0400000000002</ele>
   </trkpt>
   <trkpt lat="42.11937" lon="13.3739">
    <ele>1030.44</ele>
   </trkpt>
   <trkpt lat="42.11932" lon="13.37396">
    <ele>1029.79</ele>
   </trkpt>
   <trkpt lat="42.118990000000004" lon="13.374150000000002">
    <ele>1024.75</ele>
   </trkpt>
   <trkpt lat="42.118840000000006" lon="13.374030000000001">
    <ele>1022.6800000000001</ele>
   </trkpt>
   <trkpt lat="42.11878" lon="13.373850000000001">
    <ele>1020.2300000000001</ele>
   </trkpt>
   <trkpt lat="42.118680000000005" lon="13.373740000000002">
    <ele>1018.96</ele>
   </trkpt>
   <trkpt lat="42.11853000000001" lon="13.37381">
    <ele>1016.0100000000001</ele>
   </trkpt>
   <trkpt lat="42.118320000000004" lon="13.373790000000001">
    <ele>1011.74</ele>
   </trkpt>
   <trkpt lat="42.118190000000006" lon="13.373400000000002">
    <ele>1006.7600000000001</ele>
   </trkpt>
   <trkpt lat="42.11782" lon="13.373080000000002">
    <ele>1003.98</ele>
   </trkpt>
   <trkpt lat="42.117630000000005" lon="13.372980000000002">
    <ele>1001.63</ele>
   </trkpt>
   <trkpt lat="42.1174" lon="13.372890000000002">
    <ele>1000.01</ele>
   </trkpt>
   <trkpt lat="42.117160000000005" lon="13.37273">
    <ele>997.82</ele>
   </trkpt>
   <trkpt lat="42.11669500026852" lon="13.372544998690286">
    <ele>993.3400000000001</ele>
   </trkpt>
   <trkpt lat="42.11623" lon="13.37236">
    <ele>987.1500000000001</ele>
   </trkpt>
   <trkpt lat="42.11592" lon="13.372340000000001">
    <ele>984.96</ele>
   </trkpt>
   <trkpt lat="42.115590000000005" lon="13.37235">
    <ele>982.32</ele>
   </trkpt>
   <trkpt lat="42.115390000000005" lon="13.37236">
    <ele>982.1</ele>
   </trkpt>
   <trkpt lat="42.11534" lon="13.372480000000001">
    <ele>982.0600000000001</ele>
   </trkpt>
   <trkpt lat="42.115320000000004" lon="13.37288">
    <ele>981.4800000000001</ele>
   </trkpt>
   <trkpt lat="42.115320000000004" lon="13.3731">
    <ele>980.6</ele>
   </trkpt>
   <trkpt lat="42.115370000000006" lon="13.373470000000001">
    <ele>979.2900000000001</ele>
   </trkpt>
   <trkpt lat="42.11542" lon="13.373540000000002">
    <ele>978.72</ele>
   </trkpt>
   <trkpt lat="42.115500000000004" lon="13.373980000000001">
    <ele>974.8100000000001</ele>
   </trkpt>
   <trkpt lat="42.11563" lon="13.37428">
    <ele>972.2600000000001</ele>
   </trkpt>
   <trkpt lat="42.115950000000005" lon="13.374820000000001">
    <ele>968.0000000000001</ele>
   </trkpt>
   <trkpt lat="42.11601" lon="13.375160000000001">
    <ele>966.7700000000001</ele>
   </trkpt>
   <trkpt lat="42.11598" lon="13.37545">
    <ele>966.0600000000001</ele>
   </trkpt>
   <trkpt lat="42.115880000000004" lon="13.375570000000002">
    <ele>972.9700000000001</ele>
   </trkpt>
   <trkpt lat="42.11572" lon="13.37578">
    <ele>962.1100000000001</ele>
   </trkpt>
   <trkpt lat="42.11506000000001" lon="13.376450000000002">
    <ele>955.3900000000001</ele>
   </trkpt>
   <trkpt lat="42.11487" lon="13.376560000000001">
    <ele>953.1700000000001</ele>
   </trkpt>
   <trkpt lat="42.11433" lon="13.376980000000001">
    <ele>947.34</ele>
   </trkpt>
   <trkpt lat="42.11375" lon="13.377450000000001">
    <ele>940.9900000000001</ele>
   </trkpt>
   <trkpt lat="42.113400000000006" lon="13.377630000000002">
    <ele>936.7</ele>
   </trkpt>
   <trkpt lat="42.11300000000001" lon="13.37776">
    <ele>932.73</ele>
   </trkpt>
   <trkpt lat="42.11292" lon="13.377860000000002">
    <ele>931.95</ele>
   </trkpt>
   <trkpt lat="42.11272" lon="13.37813">
    <ele>925.37</ele>
   </trkpt>
   <trkpt lat="42.11245" lon="13.37836">
    <ele>923.1</ele>
   </trkpt>
   <trkpt lat="42.11233" lon="13.378480000000001">
    <ele>921.78</ele>
   </trkpt>
   <trkpt lat="42.112230000000004" lon="13.37846">
    <ele>921.0300000000001</ele>
   </trkpt>
   <trkpt lat="42.11213" lon="13.378440000000001">
    <ele>919.32</ele>
   </trkpt>
   <trkpt lat="42.112080000000006" lon="13.378380000000002">
    <ele>919.32</ele>
   </trkpt>
   <trkpt lat="42.11197000000001" lon="13.378350000000001">
    <ele>917.1300000000001</ele>
   </trkpt>
   <trkpt lat="42.11177" lon="13.378430000000002">
    <ele>914.1300000000001</ele>
   </trkpt>
   <trkpt lat="42.111650000000004" lon="13.378630000000001">
    <ele>920.36</ele>
   </trkpt>
   <trkpt lat="42.11153" lon="13.37883">
    <ele>916.5900000000001</ele>
   </trkpt>
   <trkpt lat="42.11150000000001" lon="13.37892">
    <ele>915.97</ele>
   </trkpt>
   <trkpt lat="42.11144" lon="13.379190000000001">
    <ele>913.78</ele>
   </trkpt>
   <trkpt lat="42.11137" lon="13.37925">
    <ele>912.34</ele>
   </trkpt>
   <trkpt lat="42.111140000000006" lon="13.379470000000001">
    <ele>908.85</ele>
   </trkpt>
   <trkpt lat="42.11113" lon="13.379460000000002">
    <ele>908.85</ele>
   </trkpt>
   <trkpt lat="42.11103000000001" lon="13.37959">
    <ele>906.8000000000001</ele>
   </trkpt>
   <trkpt lat="42.11103000000001" lon="13.37958">
    <ele>901.78</ele>
   </trkpt>
   <trkpt lat="42.11079" lon="13.379890000000001">
    <ele>898.87</ele>
   </trkpt>
   <trkpt lat="42.11056000000001" lon="13.380020000000002">
    <ele>898.26</ele>
   </trkpt>
   <trkpt lat="42.110530000000004" lon="13.379800000000001">
    <ele>897.0</ele>
   </trkpt>
   <trkpt lat="42.11048" lon="13.379700000000001">
    <ele>896.58</ele>
   </trkpt>
   <trkpt lat="42.11034" lon="13.37954">
    <ele>896.41</ele>
   </trkpt>
   <trkpt lat="42.11014" lon="13.37945">
    <ele>897.2200000000001</ele>
   </trkpt>
   <trkpt lat="42.11000000000001" lon="13.3793">
    <ele>897.6600000000001</ele>
   </trkpt>
   <trkpt lat="42.10983" lon="13.379290000000001">
    <ele>898.11</ele>
   </trkpt>
   <trkpt lat="42.10936" lon="13.379150000000001">
    <ele>900.29</ele>
   </trkpt>
   <trkpt lat="42.109190000000005" lon="13.379050000000001">
    <ele>900.6700000000001</ele>
   </trkpt>
   <trkpt lat="42.10897000000001" lon="13.37846">
    <ele>902.0400000000001</ele>
   </trkpt>
   <trkpt lat="42.10869" lon="13.378000000000002">
    <ele>904.5300000000001</ele>
   </trkpt>
   <trkpt lat="42.10833" lon="13.37766">
    <ele>906.7700000000001</ele>
   </trkpt>
   <trkpt lat="42.107960000000006" lon="13.377550000000001">
    <ele>910.2500000000001</ele>
   </trkpt>
   <trkpt lat="42.107690000000005" lon="13.37737">
    <ele>912.84</ele>
   </trkpt>
   <trkpt lat="42.10761" lon="13.37715">
    <ele>913.87</ele>
   </trkpt>
   <trkpt lat="42.107380000000006" lon="13.37701">
    <ele>912.88</ele>
   </trkpt>
   <trkpt lat="42.107060000000004" lon="13.37719">
    <ele>912.4100000000001</ele>
   </trkpt>
   <trkpt lat="42.10647" lon="13.376690000000002">
    <ele>908.12</ele>
   </trkpt>
   <trkpt lat="42.10611" lon="13.37667">
    <ele>904.5500000000001</ele>
   </trkpt>
   <trkpt lat="42.106010000000005" lon="13.37658">
    <ele>901.36</ele>
   </trkpt>
   <trkpt lat="42.10584" lon="13.37648">
    <ele>900.14</ele>
   </trkpt>
   <trkpt lat="42.10593" lon="13.37634">
    <ele>897.6700000000001</ele>
   </trkpt>
   <trkpt lat="42.105650000000004" lon="13.375910000000001">
    <ele>893.4000000000001</ele>
   </trkpt>
   <trkpt lat="42.10517" lon="13.375280000000002">
    <ele>890.1300000000001</ele>
   </trkpt>
   <trkpt lat="42.10502" lon="13.375140000000002">
    <ele>889.6400000000001</ele>
   </trkpt>
   <trkpt lat="42.10495" lon="13.37485">
    <ele>887.69</ele>
   </trkpt>
   <trkpt lat="42.104850000000006" lon="13.374760000000002">
    <ele>887.69</ele>
   </trkpt>
   <trkpt lat="42.104690000000005" lon="13.374310000000001">
    <ele>883.9100000000001</ele>
   </trkpt>
   <trkpt lat="42.104510000000005" lon="13.374260000000001">
    <ele>881.47</ele>
   </trkpt>
   <trkpt lat="42.1043" lon="13.373850000000001">
    <ele>879.0400000000001</ele>
   </trkpt>
   <trkpt lat="42.10399" lon="13.373400000000002">
    <ele>880.6400000000001</ele>
   </trkpt>
   <trkpt lat="42.103640000000006" lon="13.37297">
    <ele>880.14</ele>
   </trkpt>
   <trkpt lat="42.10331" lon="13.372480000000001">
    <ele>883.2800000000001</ele>
   </trkpt>
   <trkpt lat="42.10329" lon="13.37236">
    <ele>883.32</ele>
   </trkpt>
   <trkpt lat="42.10329" lon="13.372390000000001">
    <ele>883.3400000000001</ele>
   </trkpt>
   <trkpt lat="42.10327" lon="13.372250000000001">
    <ele>882.99</ele>
   </trkpt>
   <trkpt lat="42.103080000000006" lon="13.37199">
    <ele>880.46</ele>
   </trkpt>
   <trkpt lat="42.102810000000005" lon="13.371770000000001">
    <ele>874.89</ele>
   </trkpt>
   <trkpt lat="42.102560000000004" lon="13.37132">
    <ele>870.6</ele>
   </trkpt>
   <trkpt lat="42.10207000065737" lon="13.370909996770989">
    <ele>861.82</ele>
   </trkpt>
   <trkpt lat="42.101580000000006" lon="13.370500000000002">
    <ele>848.6600000000001</ele>
   </trkpt>
   <trkpt lat="42.10143" lon="13.37053">
    <ele>844.95</ele>
   </trkpt>
   <trkpt lat="42.101330000000004" lon="13.37049">
    <ele>843.07</ele>
   </trkpt>
   <trkpt lat="42.10119" lon="13.37049">
    <ele>838.1500000000001</ele>
   </trkpt>
   <trkpt lat="42.100880000000004" lon="13.370700000000001">
    <ele>832.8100000000001</ele>
   </trkpt>
   <trkpt lat="42.10079" lon="13.37067">
    <ele>832.8100000000001</ele>
   </trkpt>
   <trkpt lat="42.100550000000005" lon="13.37044">
    <ele>826.03</ele>
   </trkpt>
   <trkpt lat="42.100390000000004" lon="13.37044">
    <ele>823.4800000000001</ele>
   </trkpt>
   <trkpt lat="42.100210000000004" lon="13.370550000000001">
    <ele>821.32</ele>
   </trkpt>
   <trkpt lat="42.10009" lon="13.37049">
    <ele>821.32</ele>
   </trkpt>
   <trkpt lat="42.099540000000005" lon="13.369940000000001">
    <ele>815.5000000000001</ele>
   </trkpt>
   <trkpt lat="42.09916500078617" lon="13.369494997281269">
    <ele>807.97</ele>
   </trkpt>
   <trkpt lat="42.09879" lon="13.369050000000001">
    <ele>803.5600000000001</ele>
   </trkpt>
   <trkpt lat="42.09855" lon="13.36888">
    <ele>799.7800000000001</ele>
   </trkpt>
   <trkpt lat="42.0981" lon="13.3686">
    <ele>796.58</ele>
   </trkpt>
   <trkpt lat="42.09757000030387" lon="13.368399998377637">
    <ele>790.54</ele>
   </trkpt>
   <trkpt lat="42.09704000000001" lon="13.368200000000002">
    <ele>780.88</ele>
   </trkpt>
   <trkpt lat="42.09675" lon="13.368">
    <ele>771.8000000000001</ele>
   </trkpt>
   <trkpt lat="42.09626" lon="13.367460000000001">
    <ele>759.8100000000001</ele>
   </trkpt>
   <trkpt lat="42.09608" lon="13.36725">
    <ele>754.12</ele>
   </trkpt>
   <trkpt lat="42.09591" lon="13.36715">
    <ele>748.9</ele>
   </trkpt>
   <trkpt lat="42.095380000000006" lon="13.366940000000001">
    <ele>741.1700000000001</ele>
   </trkpt>
   <trkpt lat="42.09492" lon="13.36668">
    <ele>736.6800000000001</ele>
   </trkpt>
   <trkpt lat="42.094770000000004" lon="13.366660000000001">
    <ele>735.87</ele>
   </trkpt>
   <trkpt lat="42.094590000000004" lon="13.366690000000002">
    <ele>734.8500000000001</ele>
   </trkpt>
   <trkpt lat="42.094240000000006" lon="13.366200000000001">
    <ele>733.6100000000001</ele>
   </trkpt>
   <trkpt lat="42.094240000000006" lon="13.36621">
    <ele>733.6100000000001</ele>
   </trkpt>
   <trkpt lat="42.094080000000005" lon="13.365950000000002">
    <ele>734.02</ele>
   </trkpt>
   <trkpt lat="42.09396" lon="13.365900000000002">
    <ele>734.11</ele>
   </trkpt>
   <trkpt lat="42.09385" lon="13.365720000000001">
    <ele>733.58</ele>
   </trkpt>
   <trkpt lat="42.09328" lon="13.36508">
    <ele>732.4300000000001</ele>
   </trkpt>
   <trkpt lat="42.092800000000004" lon="13.364540000000002">
    <ele>731.21</ele>
   </trkpt>
   <trkpt lat="42.09259" lon="13.36434">
    <ele>730.77</ele>
   </trkpt>
   <trkpt lat="42.09232" lon="13.36466">
    <ele>729.08</ele>
   </trkpt>
  </trkseg>
 </trk>
</gpx>
